busid,canid,motor_steps_P,motor_steps_T,move_time,nrows,posid,postpause,required,speed_mode_P,speed_mode_T,total_time,failed_to_send
can11,7448,"[-291, 10121, -10121]","[3149, -10121, 10121]","[0.3498888888888889, 1.1245555555555555, 1.1245555555555555]",3,M07448,"[0, 0, 0]",True,"['creep', 'creep', 'creep']","['creep', 'creep', 'creep']",2.599,False
can11,6786,"[-1873, 10121, -10121]","[5583, -10121, 10121]","[0.6203333333333334, 1.1245555555555555, 1.1245555555555555]",3,M06786,"[0, 0, 0]",True,"['creep', 'creep', 'creep']","['creep', 'creep', 'creep']",2.8694444444444445,False
can11,6287,"[-4337, 10121, -10121]","[5475, -10121, 10121]","[0.6083333333333333, 1.1245555555555555, 1.1245555555555555]",3,M06287,"[0, 0, 0]",True,"['creep', 'creep', 'creep']","['creep', 'creep', 'creep']",2.857444444444444,False
can11,8200,"[0, 0, 2623, 10121, -10121]","[0, 0, -2638, -10121, 10121]","[0, 0.0, 0.2931111111111111, 1.1245555555555555, 1.1245555555555555]",5,M08200,"[2557, 0, 0, 0, 0]",True,"['creep', 'creep', 'creep', 'creep', 'creep']","['creep', 'creep', 'creep', 'creep', 'creep']",5.099555555555556,False
can11,6753,"[-5423, 10121, -10121]","[1604, -10121, 10121]","[0.6025555555555556, 1.1245555555555555, 1.1245555555555555]",3,M06753,"[0, 0, 0]",True,"['creep', 'creep', 'creep']","['creep', 'creep', 'creep']",2.8516666666666666,False
can11,6289,"[789, 10121, -10121]","[-1755, -10121, 10121]","[0.195, 1.1245555555555555, 1.1245555555555555]",3,M06289,"[0, 0, 0]",True,"['creep', 'creep', 'creep']","['creep', 'creep', 'creep']",2.444111111111111,False
can11,7434,"[0, 0, 432, 10121, -10121]","[0, 0, 1190, -10121, 10121]","[0, 0.0, 0.1322222222222222, 1.1245555555555555, 1.1245555555555555]",5,M07434,"[2720, 0, 0, 0, 0]",True,"['creep', 'creep', 'creep', 'creep', 'creep']","['creep', 'creep', 'creep', 'creep', 'creep']",5.100888888888889,False
can11,6752,"[-4357, 10121, -10121]","[-910, -10121, 10121]","[0.48411111111111116, 1.1245555555555555, 1.1245555555555555]",3,M06752,"[0, 0, 0]",True,"['creep', 'creep', 'creep']","['creep', 'creep', 'creep']",2.7332222222222224,False
can11,6598,"[-2968, 10121, -10121]","[2666, -10121, 10121]","[0.3297777777777778, 1.1245555555555555, 1.1245555555555555]",3,M06598,"[0, 0, 0]",True,"['creep', 'creep', 'creep']","['creep', 'creep', 'creep']",2.578888888888889,False
can11,6596,"[0, 0, 1280, 10121, -10121]","[0, 0, 260, -10121, 10121]","[0, 0.0, 0.14222222222222222, 1.1245555555555555, 1.1245555555555555]",5,M06596,"[2703, 0, 0, 0, 0]",True,"['creep', 'creep', 'creep', 'creep', 'creep']","['creep', 'creep', 'creep', 'creep', 'creep']",5.094222222222222,False
can11,8310,"[1843, 10121, -10121]","[1646, -10121, 10121]","[0.20477777777777778, 1.1245555555555555, 1.1245555555555555]",3,M08310,"[0, 0, 0]",True,"['creep', 'creep', 'creep']","['creep', 'creep', 'creep']",2.453888888888889,False
can11,6269,"[0, 0, -1090, 10121, -10121]","[0, 0, 1418, -10121, 10121]","[0, 0.0, 0.15755555555555556, 1.1245555555555555, 1.1245555555555555]",5,M06269,"[2411, 0, 0, 0, 0]",True,"['creep', 'creep', 'creep', 'creep', 'creep']","['creep', 'creep', 'creep', 'creep', 'creep']",4.817444444444444,False
can11,8225,"[2822, 10121, -10121]","[-4605, -10121, 10121]","[0.5116666666666667, 1.1245555555555555, 1.1245555555555555]",3,M08225,"[0, 0, 0]",True,"['creep', 'creep', 'creep']","['creep', 'creep', 'creep']",2.7607777777777778,False
can11,6597,"[-645, 10121, -10121]","[-919, -10121, 10121]","[0.10211111111111111, 1.1245555555555555, 1.1245555555555555]",3,M06597,"[0, 0, 0]",True,"['creep', 'creep', 'creep']","['creep', 'creep', 'creep']",2.351222222222222,False
can11,8308,"[-1020, 10121, -10121]","[2704, -10121, 10121]","[0.30044444444444446, 1.1245555555555555, 1.1245555555555555]",3,M08308,"[0, 0, 0]",True,"['creep', 'creep', 'creep']","['creep', 'creep', 'creep']",2.5495555555555556,False
can11,8324,"[0, 0, -274, 10121, -10121]","[0, 0, -1924, -10121, 10121]","[0, 0.0, 0.2137777777777778, 1.1245555555555555, 1.1245555555555555]",5,M08324,"[2465, 0, 0, 0, 0]",True,"['creep', 'creep', 'creep', 'creep', 'creep']","['creep', 'creep', 'creep', 'creep', 'creep']",4.928333333333334,False
can11,8297,"[4234, 10121, -10121]","[-1515, -10121, 10121]","[0.4704444444444445, 1.1245555555555555, 1.1245555555555555]",3,M08297,"[0, 0, 0]",True,"['creep', 'creep', 'creep']","['creep', 'creep', 'creep']",2.7195555555555555,False
can11,6789,"[271, 10121, -10121]","[-1776, -10121, 10121]","[0.19733333333333336, 1.1245555555555555, 1.1245555555555555]",3,M06789,"[0, 0, 0]",True,"['creep', 'creep', 'creep']","['creep', 'creep', 'creep']",2.4464444444444444,False
can11,6649,"[-3195, 10121, -10121]","[1437, -10121, 10121]","[0.355, 1.1245555555555555, 1.1245555555555555]",3,M06649,"[0, 0, 0]",True,"['creep', 'creep', 'creep']","['creep', 'creep', 'creep']",2.604111111111111,False
can11,6788,"[2141, 10121, -10121]","[-3787, -10121, 10121]","[0.4207777777777778, 1.1245555555555555, 1.1245555555555555]",3,M06788,"[0, 0, 0]",True,"['creep', 'creep', 'creep']","['creep', 'creep', 'creep']",2.669888888888889,False
can11,8035,"[2878, 10121, -10121]","[-1439, -10121, 10121]","[0.31977777777777777, 1.1245555555555555, 1.1245555555555555]",3,M08035,"[0, 0, 0]",True,"['creep', 'creep', 'creep']","['creep', 'creep', 'creep']",2.568888888888889,False
can11,8248,"[2997, 10121, -10121]","[-1150, -10121, 10121]","[0.33299999999999996, 1.1245555555555555, 1.1245555555555555]",3,M08248,"[0, 0, 0]",True,"['creep', 'creep', 'creep']","['creep', 'creep', 'creep']",2.582111111111111,False
can11,6548,"[-2225, 10121, -10121]","[4444, -10121, 10121]","[0.4937777777777778, 1.1245555555555555, 1.1245555555555555]",3,M06548,"[0, 0, 0]",True,"['creep', 'creep', 'creep']","['creep', 'creep', 'creep']",2.742888888888889,False
can13,5736,"[-529, 10121, -10121]","[-1542, -10121, 10121]","[0.17133333333333337, 1.1245555555555555, 1.1245555555555555]",3,M05736,"[0, 0, 0]",True,"['creep', 'creep', 'creep']","['creep', 'creep', 'creep']",2.4204444444444446,False
can13,8327,"[-1119, 10121, -10121]","[2774, -10121, 10121]","[0.3082222222222223, 1.1245555555555555, 1.1245555555555555]",3,M08327,"[0, 0, 0]",True,"['creep', 'creep', 'creep']","['creep', 'creep', 'creep']",2.5573333333333332,False
can11,6790,"[0, 0, -848, 10121, -10121]","[0, 0, -1948, -10121, 10121]","[0, 0.0, 0.21644444444444447, 1.1245555555555555, 1.1245555555555555]",5,M06790,"[2472, 0, 0, 0, 0]",True,"['creep', 'creep', 'creep', 'creep', 'creep']","['creep', 'creep', 'creep', 'creep', 'creep']",4.937444444444444,False
can11,6750,"[0, 0, 1050, 10121, -10121]","[0, 0, -1591, -10121, 10121]","[0, 0.0, 0.1767777777777778, 1.1245555555555555, 1.1245555555555555]",5,M06750,"[2428, 0, 0, 0, 0]",True,"['creep', 'creep', 'creep', 'creep', 'creep']","['creep', 'creep', 'creep', 'creep', 'creep']",4.853777777777778,False
can11,6787,"[0, 0, 101, 10121, -10121]","[0, 0, 2426, -10121, 10121]","[0, 0.0, 0.2695555555555556, 1.1245555555555555, 1.1245555555555555]",5,M06787,"[2582, 0, 0, 0, 0]",True,"['creep', 'creep', 'creep', 'creep', 'creep']","['creep', 'creep', 'creep', 'creep', 'creep']",5.100777777777777,False
can11,8034,"[-2063, 10121, -10121]","[4084, -10121, 10121]","[0.45377777777777784, 1.1245555555555555, 1.1245555555555555]",3,M08034,"[0, 0, 0]",True,"['creep', 'creep', 'creep']","['creep', 'creep', 'creep']",2.702888888888889,False
can11,8212,"[2992, 10121, -10121]","[-5654, -10121, 10121]","[0.6282222222222222, 1.1245555555555555, 1.1245555555555555]",3,M08212,"[0, 0, 0]",True,"['creep', 'creep', 'creep']","['creep', 'creep', 'creep']",2.8773333333333335,False
can11,8332,"[0, 0, 354, 10121, -10121]","[0, 0, -695, -10121, 10121]","[0, 0.0, 0.07722222222222222, 1.1245555555555555, 1.1245555555555555]",5,M08332,"[2763, 0, 0, 0, 0]",True,"['creep', 'creep', 'creep', 'creep', 'creep']","['creep', 'creep', 'creep', 'creep', 'creep']",5.089777777777778,False
can13,5602,"[0, 0, -837, 10121, -10121]","[0, 0, 1471, -10121, 10121]","[0, 0.0, 0.16344444444444445, 1.1245555555555555, 1.1245555555555555]",5,M05602,"[2416, 0, 0, 0, 0]",True,"['creep', 'creep', 'creep', 'creep', 'creep']","['creep', 'creep', 'creep', 'creep', 'creep']",4.828444444444444,False
can13,8291,"[3315, 10121, -10121]","[-1133, -10121, 10121]","[0.36833333333333335, 1.1245555555555555, 1.1245555555555555]",3,M08291,"[0, 0, 0]",True,"['creep', 'creep', 'creep']","['creep', 'creep', 'creep']",2.6174444444444447,False
can13,5554,"[4830, 10121, -10121]","[-4086, -10121, 10121]","[0.5366666666666666, 1.1245555555555555, 1.1245555555555555]",3,M05554,"[0, 0, 0]",True,"['creep', 'creep', 'creep']","['creep', 'creep', 'creep']",2.7857777777777777,False
can11,6785,"[222, 10121, -10121]","[-5438, -10121, 10121]","[0.6042222222222223, 1.1245555555555555, 1.1245555555555555]",3,M06785,"[0, 0, 0]",True,"['creep', 'creep', 'creep']","['creep', 'creep', 'creep']",2.8533333333333335,False
can11,6600,"[0, 0, -2138, 10121, -10121]","[0, 0, -1433, -10121, 10121]","[0, 0.0, 0.23755555555555558, 1.1245555555555555, 1.1245555555555555]",5,M06600,"[2516, 0, 0, 0, 0]",True,"['creep', 'creep', 'creep', 'creep', 'creep']","['creep', 'creep', 'creep', 'creep', 'creep']",5.002222222222222,False
can11,2015,"[0, 0, -980, 10121, -10121]","[0, 0, -910, -10121, 10121]","[0, 0.0, 0.10888888888888888, 1.1245555555555555, 1.1245555555555555]",5,M02015,"[2743, 0, 0, 0, 0]",True,"['creep', 'creep', 'creep', 'creep', 'creep']","['creep', 'creep', 'creep', 'creep', 'creep']",5.100888888888889,False
can11,8309,"[2484, 10121, -10121]","[5228, -10121, 10121]","[0.580888888888889, 1.1245555555555555, 1.1245555555555555]",3,M08309,"[0, 0, 0]",True,"['creep', 'creep', 'creep']","['creep', 'creep', 'creep']",2.83,False
can11,8304,"[521, 10121, -10121]","[-6309, -10121, 10121]","[0.7010000000000001, 1.1245555555555555, 1.1245555555555555]",3,M08304,"[0, 0, 0]",True,"['creep', 'creep', 'creep']","['creep', 'creep', 'creep']",2.950111111111111,False
can11,6549,"[0, 0, 1043, 10121, -10121]","[0, 0, 217, -10121, 10121]","[0, 0.0, 0.1158888888888889, 1.1245555555555555, 1.1245555555555555]",5,M06549,"[2365, 0, 0, 0, 0]",True,"['creep', 'creep', 'creep', 'creep', 'creep']","['creep', 'creep', 'creep', 'creep', 'creep']",4.73,False
can13,5588,"[0, 0, -819, 10121, -10121]","[0, 0, -36, -10121, 10121]","[0, 0.0, 0.09100000000000001, 1.1245555555555555, 1.1245555555555555]",5,M05588,"[2761, 0, 0, 0, 0]",True,"['creep', 'creep', 'creep', 'creep', 'creep']","['creep', 'creep', 'creep', 'creep', 'creep']",5.100888888888889,False
can13,4622,"[-3235, 10121, -10121]","[2956, -10121, 10121]","[0.35944444444444446, 1.1245555555555555, 1.1245555555555555]",3,M04622,"[0, 0, 0]",True,"['creep', 'creep', 'creep']","['creep', 'creep', 'creep']",2.6085555555555553,False
can13,6659,"[0, 0, -2683, 10121, -10121]","[0, 0, 657, -10121, 10121]","[0, 0.0, 0.2981111111111111, 1.1245555555555555, 1.1245555555555555]",5,M06659,"[2550, 0, 0, 0, 0]",True,"['creep', 'creep', 'creep', 'creep', 'creep']","['creep', 'creep', 'creep', 'creep', 'creep']",5.096777777777778,False
can11,4299,"[1710, 10121, -10121]","[-1829, -10121, 10121]","[0.20322222222222222, 1.1245555555555555, 1.1245555555555555]",3,M04299,"[0, 0, 0]",True,"['creep', 'creep', 'creep']","['creep', 'creep', 'creep']",2.4523333333333333,False
can11,8307,"[0, 0, -1370, 10121, -10121]","[0, 0, 1681, -10121, 10121]","[0, 0.0, 0.1867777777777778, 1.1245555555555555, 1.1245555555555555]",5,M08307,"[2437, 0, 0, 0, 0]",True,"['creep', 'creep', 'creep', 'creep', 'creep']","['creep', 'creep', 'creep', 'creep', 'creep']",4.873111111111111,False
can11,8288,"[0, 0, 1112, 10121, -10121]","[0, 0, 210, -10121, 10121]","[0, 0.0, 0.12355555555555556, 1.1245555555555555, 1.1245555555555555]",5,M08288,"[2373, 0, 0, 0, 0]",True,"['creep', 'creep', 'creep', 'creep', 'creep']","['creep', 'creep', 'creep', 'creep', 'creep']",4.745888888888889,False
can11,8301,"[-5721, 10121, -10121]","[3074, -10121, 10121]","[0.6356666666666667, 1.1245555555555555, 1.1245555555555555]",3,M08301,"[0, 0, 0]",True,"['creep', 'creep', 'creep']","['creep', 'creep', 'creep']",2.884777777777778,False
can13,5582,"[2445, 10121, -10121]","[-4104, -10121, 10121]","[0.456, 1.1245555555555555, 1.1245555555555555]",3,M05582,"[0, 0, 0]",True,"['creep', 'creep', 'creep']","['creep', 'creep', 'creep']",2.705111111111111,False
can13,8216,"[0, 0, 2187, 10121, -10121]","[0, 0, -773, -10121, 10121]","[0, 0.0, 0.24300000000000002, 1.1245555555555555, 1.1245555555555555]",5,M08216,"[2609, 0, 0, 0, 0]",True,"['creep', 'creep', 'creep', 'creep', 'creep']","['creep', 'creep', 'creep', 'creep', 'creep']",5.101444444444445,False
can13,6658,"[0, 0, 1918, 10121, -10121]","[0, 0, 334, -10121, 10121]","[0, 0.0, 0.2131111111111111, 1.1245555555555555, 1.1245555555555555]",5,M06658,"[2640, 0, 0, 0, 0]",True,"['creep', 'creep', 'creep', 'creep', 'creep']","['creep', 'creep', 'creep', 'creep', 'creep']",5.102,False
can13,7872,"[-4117, 10121, -10121]","[1926, -10121, 10121]","[0.4574444444444445, 1.1245555555555555, 1.1245555555555555]",3,M07872,"[0, 0, 0]",True,"['creep', 'creep', 'creep']","['creep', 'creep', 'creep']",2.7065555555555556,False
can13,5761,"[-5168, 10121, -10121]","[1796, -10121, 10121]","[0.5742222222222223, 1.1245555555555555, 1.1245555555555555]",3,M05761,"[0, 0, 0]",True,"['creep', 'creep', 'creep']","['creep', 'creep', 'creep']",2.8233333333333333,False
can11,6540,"[-5658, 10121, -10121]","[3264, -10121, 10121]","[0.6286666666666667, 1.1245555555555555, 1.1245555555555555]",3,M06540,"[0, 0, 0]",True,"['creep', 'creep', 'creep']","['creep', 'creep', 'creep']",2.8777777777777778,False
can11,7495,"[0, 0, 1625, 10121, -10121]","[0, 0, -1522, -10121, 10121]","[0, 0.0, 0.18055555555555555, 1.1245555555555555, 1.1245555555555555]",5,M07495,"[2434, 0, 0, 0, 0]",True,"['creep', 'creep', 'creep', 'creep', 'creep']","['creep', 'creep', 'creep', 'creep', 'creep']",4.863666666666667,False
can11,8250,"[3516, 10121, -10121]","[-2112, -10121, 10121]","[0.3906666666666667, 1.1245555555555555, 1.1245555555555555]",3,M08250,"[0, 0, 0]",True,"['creep', 'creep', 'creep']","['creep', 'creep', 'creep']",2.639777777777778,False
can13,5581,"[0, 0, 724, 10121, -10121]","[0, 0, -1829, -10121, 10121]","[0, 0.0, 0.20322222222222222, 1.1245555555555555, 1.1245555555555555]",5,M05581,"[2454, 0, 0, 0, 0]",True,"['creep', 'creep', 'creep', 'creep', 'creep']","['creep', 'creep', 'creep', 'creep', 'creep']",4.9062222222222225,False
can13,8086,"[347, 10121, -10121]","[-1106, -10121, 10121]","[0.1228888888888889, 1.1245555555555555, 1.1245555555555555]",3,M08086,"[0, 0, 0]",True,"['creep', 'creep', 'creep']","['creep', 'creep', 'creep']",2.372,False
can13,4602,"[-1092, 10121, -10121]","[7734, -10121, 10121]","[0.8593333333333334, 1.1245555555555555, 1.1245555555555555]",3,M04602,"[0, 0, 0]",True,"['creep', 'creep', 'creep']","['creep', 'creep', 'creep']",3.1084444444444443,False
can13,6653,"[-4079, 10121, -10121]","[1741, -10121, 10121]","[0.45322222222222225, 1.1245555555555555, 1.1245555555555555]",3,M06653,"[0, 0, 0]",True,"['creep', 'creep', 'creep']","['creep', 'creep', 'creep']",2.7023333333333333,False
can13,7887,"[0, 0, -2643, 10121, -10121]","[0, 0, -993, -10121, 10121]","[0, 0.0, 0.2936666666666667, 1.1245555555555555, 1.1245555555555555]",5,M07887,"[2558, 0, 0, 0, 0]",True,"['creep', 'creep', 'creep', 'creep', 'creep']","['creep', 'creep', 'creep', 'creep', 'creep']",5.100333333333333,False
can13,7870,"[0, 0, 716, 10121, -10121]","[0, 0, -2083, -10121, 10121]","[0, 0.0, 0.23144444444444445, 1.1245555555555555, 1.1245555555555555]",5,M07870,"[2617, 0, 0, 0, 0]",True,"['creep', 'creep', 'creep', 'creep', 'creep']","['creep', 'creep', 'creep', 'creep', 'creep']",5.097777777777777,False
can13,6684,"[-2772, 10121, -10121]","[1015, -10121, 10121]","[0.308, 1.1245555555555555, 1.1245555555555555]",3,M06684,"[0, 0, 0]",True,"['creep', 'creep', 'creep']","['creep', 'creep', 'creep']",2.5571111111111113,False
can13,6681,"[0, 0, 1290, 10121, -10121]","[0, 0, 2306, -10121, 10121]","[0, 0.0, 0.25622222222222224, 1.1245555555555555, 1.1245555555555555]",5,M06681,"[2589, 0, 0, 0, 0]",True,"['creep', 'creep', 'creep', 'creep', 'creep']","['creep', 'creep', 'creep', 'creep', 'creep']",5.094555555555556,False
can11,7086,"[-1106, 10121, -10121]","[3994, -10121, 10121]","[0.4437777777777778, 1.1245555555555555, 1.1245555555555555]",3,M07086,"[0, 0, 0]",True,"['creep', 'creep', 'creep']","['creep', 'creep', 'creep']",2.6928888888888887,False
can11,6170,"[0, 0, 1815, 10121, -10121]","[0, 0, -608, -10121, 10121]","[0, 0.0, 0.20166666666666666, 1.1245555555555555, 1.1245555555555555]",5,M06170,"[2651, 0, 0, 0, 0]",True,"['creep', 'creep', 'creep', 'creep', 'creep']","['creep', 'creep', 'creep', 'creep', 'creep']",5.1018888888888885,False
can13,8082,"[446, 10121, -10121]","[-2776, -10121, 10121]","[0.30844444444444447, 1.1245555555555555, 1.1245555555555555]",3,M08082,"[0, 0, 0]",True,"['creep', 'creep', 'creep']","['creep', 'creep', 'creep']",2.5575555555555556,False
can13,8329,"[0, 0, 1368, 10121, -10121]","[0, 0, -684, -10121, 10121]","[0, 0.0, 0.15200000000000002, 1.1245555555555555, 1.1245555555555555]",5,M08329,"[2404, 0, 0, 0, 0]",True,"['creep', 'creep', 'creep', 'creep', 'creep']","['creep', 'creep', 'creep', 'creep', 'creep']",4.805555555555555,False
can13,7883,"[0, 0, -1418, 10121, -10121]","[0, 0, 1365, -10121, 10121]","[0, 0.0, 0.15755555555555556, 1.1245555555555555, 1.1245555555555555]",5,M07883,"[2693, 0, 0, 0, 0]",True,"['creep', 'creep', 'creep', 'creep', 'creep']","['creep', 'creep', 'creep', 'creep', 'creep']",5.099555555555555,False
can13,7882,"[0, 0, -378, 10121, -10121]","[0, 0, 1767, -10121, 10121]","[0, 0.0, 0.19633333333333336, 1.1245555555555555, 1.1245555555555555]",5,M07882,"[2446, 0, 0, 0, 0]",True,"['creep', 'creep', 'creep', 'creep', 'creep']","['creep', 'creep', 'creep', 'creep', 'creep']",4.8918888888888885,False
can13,5765,"[0, 0, 1997, 10121, -10121]","[0, 0, -1786, -10121, 10121]","[0, 0.0, 0.2218888888888889, 1.1245555555555555, 1.1245555555555555]",5,M05765,"[2631, 0, 0, 0, 0]",True,"['creep', 'creep', 'creep', 'creep', 'creep']","['creep', 'creep', 'creep', 'creep', 'creep']",5.102,False
can13,8177,"[0, 0, -226, 10121, -10121]","[0, 0, 1615, -10121, 10121]","[0, 0.0, 0.17944444444444443, 1.1245555555555555, 1.1245555555555555]",5,M08177,"[2429, 0, 0, 0, 0]",True,"['creep', 'creep', 'creep', 'creep', 'creep']","['creep', 'creep', 'creep', 'creep', 'creep']",4.857666666666667,False
can13,8336,"[0, 0, 937, 10121, -10121]","[0, 0, 793, -10121, 10121]","[0, 0.0, 0.10411111111111111, 1.1245555555555555, 1.1245555555555555]",5,M08336,"[2363, 0, 0, 0, 0]",True,"['creep', 'creep', 'creep', 'creep', 'creep']","['creep', 'creep', 'creep', 'creep', 'creep']",4.715999999999999,False
can11,6165,"[-295, 10121, -10121]","[-1673, -10121, 10121]","[0.1858888888888889, 1.1245555555555555, 1.1245555555555555]",3,M06165,"[0, 0, 0]",True,"['creep', 'creep', 'creep']","['creep', 'creep', 'creep']",2.435,False
can12,5756,"[1860, 10121, -10121]","[725, -10121, 10121]","[0.20666666666666667, 1.1245555555555555, 1.1245555555555555]",3,M05756,"[0, 0, 0]",True,"['creep', 'creep', 'creep']","['creep', 'creep', 'creep']",2.4557777777777776,False
can12,6424,"[212, 10121, -10121]","[1873, -10121, 10121]","[0.20811111111111114, 1.1245555555555555, 1.1245555555555555]",3,M06424,"[0, 0, 0]",True,"['creep', 'creep', 'creep']","['creep', 'creep', 'creep']",2.457222222222222,False
can13,8328,"[0, 0, -1535, 10121, -10121]","[0, 0, 89, -10121, 10121]","[0, 0.0, 0.17055555555555554, 1.1245555555555555, 1.1245555555555555]",5,M08328,"[2420, 0, 0, 0, 0]",True,"['creep', 'creep', 'creep', 'creep', 'creep']","['creep', 'creep', 'creep', 'creep', 'creep']",4.840111111111112,False
can13,6644,"[0, 0, 2671, 10121, -10121]","[0, 0, 833, -10121, 10121]","[0, 0.0, 0.2967777777777778, 1.1245555555555555, 1.1245555555555555]",5,M06644,"[2555, 0, 0, 0, 0]",True,"['creep', 'creep', 'creep', 'creep', 'creep']","['creep', 'creep', 'creep', 'creep', 'creep']",5.101,False
can13,6693,"[2771, 10121, -10121]","[1363, -10121, 10121]","[0.30788888888888893, 1.1245555555555555, 1.1245555555555555]",3,M06693,"[0, 0, 0]",True,"['creep', 'creep', 'creep']","['creep', 'creep', 'creep']",2.557,False
can13,7881,"[-1271, 10121, -10121]","[-3335, -10121, 10121]","[0.3705555555555556, 1.1245555555555555, 1.1245555555555555]",3,M07881,"[0, 0, 0]",True,"['creep', 'creep', 'creep']","['creep', 'creep', 'creep']",2.6196666666666664,False
can13,6733,"[783, 10121, -10121]","[-1208, -10121, 10121]","[0.13422222222222224, 1.1245555555555555, 1.1245555555555555]",3,M06733,"[0, 0, 0]",True,"['creep', 'creep', 'creep']","['creep', 'creep', 'creep']",2.3833333333333333,False
can13,5764,"[-553, 10121, -10121]","[3001, -10121, 10121]","[0.3334444444444445, 1.1245555555555555, 1.1245555555555555]",3,M05764,"[0, 0, 0]",True,"['creep', 'creep', 'creep']","['creep', 'creep', 'creep']",2.5825555555555555,False
can13,8282,"[149, 10121, -10121]","[3437, -10121, 10121]","[0.38188888888888894, 1.1245555555555555, 1.1245555555555555]",3,M08282,"[0, 0, 0]",True,"['creep', 'creep', 'creep']","['creep', 'creep', 'creep']",2.6310000000000002,False
can13,6031,"[0, 0, 1665, 10121, -10121]","[0, 0, 391, -10121, 10121]","[0, 0.0, 0.185, 1.1245555555555555, 1.1245555555555555]",5,M06031,"[2435, 0, 0, 0, 0]",True,"['creep', 'creep', 'creep', 'creep', 'creep']","['creep', 'creep', 'creep', 'creep', 'creep']",4.869111111111112,False
can13,6007,"[0, 0, -296, 10121, -10121]","[0, 0, -1584, -10121, 10121]","[0, 0.0, 0.17600000000000002, 1.1245555555555555, 1.1245555555555555]",5,M06007,"[2677, 0, 0, 0, 0]",True,"['creep', 'creep', 'creep', 'creep', 'creep']","['creep', 'creep', 'creep', 'creep', 'creep']",5.1018888888888885,False
can12,5751,"[0, 0, -1086, 10121, -10121]","[0, 0, 260, -10121, 10121]","[0, 0.0, 0.12066666666666667, 1.1245555555555555, 1.1245555555555555]",5,M05751,"[2730, 0, 0, 0, 0]",True,"['creep', 'creep', 'creep', 'creep', 'creep']","['creep', 'creep', 'creep', 'creep', 'creep']",5.09988888888889,False
can12,6134,"[0, 0, -1453, 10121, -10121]","[0, 0, 2440, -10121, 10121]","[0, 0.0, 0.27111111111111114, 1.1245555555555555, 1.1245555555555555]",5,M06134,"[2570, 0, 0, 0, 0]",True,"['creep', 'creep', 'creep', 'creep', 'creep']","['creep', 'creep', 'creep', 'creep', 'creep']",5.09,False
can12,5642,"[0, 0, -1731, 10121, -10121]","[0, 0, -1426, -10121, 10121]","[0, 0.0, 0.19233333333333336, 1.1245555555555555, 1.1245555555555555]",5,M05642,"[2658, 0, 0, 0, 0]",True,"['creep', 'creep', 'creep', 'creep', 'creep']","['creep', 'creep', 'creep', 'creep', 'creep']",5.099666666666667,False
can12,5759,"[0, 0, 1063, 10121, -10121]","[0, 0, -251, -10121, 10121]","[0, 0.0, 0.11811111111111113, 1.1245555555555555, 1.1245555555555555]",5,M05759,"[2734, 0, 0, 0, 0]",True,"['creep', 'creep', 'creep', 'creep', 'creep']","['creep', 'creep', 'creep', 'creep', 'creep']",5.100888888888889,False
can13,6692,"[0, 0, 845, 10121, -10121]","[0, 0, -1251, -10121, 10121]","[0, 0.0, 0.139, 1.1245555555555555, 1.1245555555555555]",5,M06692,"[2702, 0, 0, 0, 0]",True,"['creep', 'creep', 'creep', 'creep', 'creep']","['creep', 'creep', 'creep', 'creep', 'creep']",5.090444444444444,False
can13,7889,"[0, 0, 2279, 10121, -10121]","[0, 0, -300, -10121, 10121]","[0, 0.0, 0.25322222222222224, 1.1245555555555555, 1.1245555555555555]",5,M07889,"[2600, 0, 0, 0, 0]",True,"['creep', 'creep', 'creep', 'creep', 'creep']","['creep', 'creep', 'creep', 'creep', 'creep']",5.102111111111111,False
can13,7880,"[0, 0, -1463, 10121, -10121]","[0, 0, 2157, -10121, 10121]","[0, 0.0, 0.2396666666666667, 1.1245555555555555, 1.1245555555555555]",5,M07880,"[2609, 0, 0, 0, 0]",True,"['creep', 'creep', 'creep', 'creep', 'creep']","['creep', 'creep', 'creep', 'creep', 'creep']",5.097333333333333,False
can13,8322,"[0, 0, -1629, 10121, -10121]","[0, 0, 1793, -10121, 10121]","[0, 0.0, 0.19922222222222224, 1.1245555555555555, 1.1245555555555555]",5,M08322,"[2452, 0, 0, 0, 0]",True,"['creep', 'creep', 'creep', 'creep', 'creep']","['creep', 'creep', 'creep', 'creep', 'creep']",4.900666666666666,False
can13,7884,"[-1006, 10121, -10121]","[-1580, -10121, 10121]","[0.17555555555555555, 1.1245555555555555, 1.1245555555555555]",3,M07884,"[0, 0, 0]",True,"['creep', 'creep', 'creep']","['creep', 'creep', 'creep']",2.4246666666666665,False
can13,6030,"[-315, 10121, -10121]","[-845, -10121, 10121]","[0.09388888888888888, 1.1245555555555555, 1.1245555555555555]",3,M06030,"[0, 0, 0]",True,"['creep', 'creep', 'creep']","['creep', 'creep', 'creep']",2.343,False
can12,4420,"[0, 0, -907, 10121, -10121]","[0, 0, -404, -10121, 10121]","[0, 0.0, 0.10077777777777779, 1.1245555555555555, 1.1245555555555555]",5,M04420,"[2354, 0, 0, 0, 0]",True,"['creep', 'creep', 'creep', 'creep', 'creep']","['creep', 'creep', 'creep', 'creep', 'creep']",4.7042222222222225,False
can12,6131,"[0, 0, 1483, 10121, -10121]","[0, 0, 1496, -10121, 10121]","[0, 0.0, 0.16622222222222222, 1.1245555555555555, 1.1245555555555555]",5,M06131,"[2687, 0, 0, 0, 0]",True,"['creep', 'creep', 'creep', 'creep', 'creep']","['creep', 'creep', 'creep', 'creep', 'creep']",5.10211111111111,False
can12,5758,"[0, 0, 550, 10121, -10121]","[0, 0, 2498, -10121, 10121]","[0, 0.0, 0.27755555555555556, 1.1245555555555555, 1.1245555555555555]",5,M05758,"[2573, 0, 0, 0, 0]",True,"['creep', 'creep', 'creep', 'creep', 'creep']","['creep', 'creep', 'creep', 'creep', 'creep']",5.099333333333333,False
can12,6032,"[0, 0, 440, 10121, -10121]","[0, 0, -263, -10121, 10121]","[0, 0.0, 0.04888888888888889, 1.1245555555555555, 1.1245555555555555]",5,M06032,"[2804, 0, 0, 0, 0]",True,"['creep', 'creep', 'creep', 'creep', 'creep']","['creep', 'creep', 'creep', 'creep', 'creep']",5.102111111111111,False
can13,5763,"[0, 0, 1474, 10121, -10121]","[0, 0, 2358, -10121, 10121]","[0, 0.0, 0.262, 1.1245555555555555, 1.1245555555555555]",5,M05763,"[2590, 0, 0, 0, 0]",True,"['creep', 'creep', 'creep', 'creep', 'creep']","['creep', 'creep', 'creep', 'creep', 'creep']",5.101,False
can13,8323,"[1501, 10121, -10121]","[171, -10121, 10121]","[0.16677777777777777, 1.1245555555555555, 1.1245555555555555]",3,M08323,"[0, 0, 0]",True,"['creep', 'creep', 'creep']","['creep', 'creep', 'creep']",2.4158888888888885,False
can13,8088,"[1246, 10121, -10121]","[853, -10121, 10121]","[0.13844444444444445, 1.1245555555555555, 1.1245555555555555]",3,M08088,"[0, 0, 0]",True,"['creep', 'creep', 'creep']","['creep', 'creep', 'creep']",2.387555555555555,False
can13,7885,"[1133, 10121, -10121]","[2754, -10121, 10121]","[0.30600000000000005, 1.1245555555555555, 1.1245555555555555]",3,M07885,"[0, 0, 0]",True,"['creep', 'creep', 'creep']","['creep', 'creep', 'creep']",2.555111111111111,False
can13,6029,"[0, 0, -704, 10121, -10121]","[0, 0, 1004, -10121, 10121]","[0, 0.0, 0.11155555555555556, 1.1245555555555555, 1.1245555555555555]",5,M06029,"[2741, 0, 0, 0, 0]",True,"['creep', 'creep', 'creep', 'creep', 'creep']","['creep', 'creep', 'creep', 'creep', 'creep']",5.101777777777778,False
can13,6288,"[0, 0, 105, 10121, -10121]","[0, 0, 235, -10121, 10121]","[0, 0.0, 0.026111111111111113, 1.1245555555555555, 1.1245555555555555]",5,M06288,"[2823, 0, 0, 0, 0]",True,"['creep', 'creep', 'creep', 'creep', 'creep']","['creep', 'creep', 'creep', 'creep', 'creep']",5.0985555555555555,False
can12,5639,"[0, 0, 200, 10121, -10121]","[0, 0, -2127, -10121, 10121]","[0, 0.0, 0.23633333333333334, 1.1245555555555555, 1.1245555555555555]",5,M05639,"[2615, 0, 0, 0, 0]",True,"['creep', 'creep', 'creep', 'creep', 'creep']","['creep', 'creep', 'creep', 'creep', 'creep']",5.100777777777777,False
can12,6119,"[0, 0, 157, 10121, -10121]","[0, 0, 2700, -10121, 10121]","[0, 0.0, 0.3, 1.1245555555555555, 1.1245555555555555]",5,M06119,"[2552, 0, 0, 0, 0]",True,"['creep', 'creep', 'creep', 'creep', 'creep']","['creep', 'creep', 'creep', 'creep', 'creep']",5.101111111111111,False
can12,6033,"[0, 0, -517, 10121, -10121]","[0, 0, -128, -10121, 10121]","[0, 0.0, 0.05744444444444445, 1.1245555555555555, 1.1245555555555555]",5,M06033,"[2789, 0, 0, 0, 0]",True,"['creep', 'creep', 'creep', 'creep', 'creep']","['creep', 'creep', 'creep', 'creep', 'creep']",5.095666666666666,False
can12,5734,"[0, 0, -1027, 10121, -10121]","[0, 0, 1230, -10121, 10121]","[0, 0.0, 0.13666666666666666, 1.1245555555555555, 1.1245555555555555]",5,M05734,"[2712, 0, 0, 0, 0]",True,"['creep', 'creep', 'creep', 'creep', 'creep']","['creep', 'creep', 'creep', 'creep', 'creep']",5.097555555555555,False
can12,5729,"[0, 0, -2258, 10121, -10121]","[0, 0, 645, -10121, 10121]","[0, 0.0, 0.2508888888888889, 1.1245555555555555, 1.1245555555555555]",5,M05729,"[2601, 0, 0, 0, 0]",True,"['creep', 'creep', 'creep', 'creep', 'creep']","['creep', 'creep', 'creep', 'creep', 'creep']",5.100666666666667,False
can12,3827,"[0, 0, -1614, 10121, -10121]","[0, 0, 1256, -10121, 10121]","[0, 0.0, 0.17933333333333334, 1.1245555555555555, 1.1245555555555555]",5,M03827,"[2674, 0, 0, 0, 0]",True,"['creep', 'creep', 'creep', 'creep', 'creep']","['creep', 'creep', 'creep', 'creep', 'creep']",5.102111111111111,False
can13,6682,"[0, 0, 1376, 10121, -10121]","[0, 0, -2503, -10121, 10121]","[0, 0.0, 0.27811111111111114, 1.1245555555555555, 1.1245555555555555]",5,M06682,"[2535, 0, 0, 0, 0]",True,"['creep', 'creep', 'creep', 'creep', 'creep']","['creep', 'creep', 'creep', 'creep', 'creep']",5.062222222222222,False
can13,8118,"[0, 0, 1462, 10121, -10121]","[0, 0, -2539, -10121, 10121]","[0, 0.0, 0.2821111111111111, 1.1245555555555555, 1.1245555555555555]",5,M08118,"[2569, 0, 0, 0, 0]",True,"['creep', 'creep', 'creep', 'creep', 'creep']","['creep', 'creep', 'creep', 'creep', 'creep']",5.1001111111111115,False
can13,6028,"[0, 0, -134, 10121, -10121]","[0, 0, -1784, -10121, 10121]","[0, 0.0, 0.19822222222222222, 1.1245555555555555, 1.1245555555555555]",5,M06028,"[2654, 0, 0, 0, 0]",True,"['creep', 'creep', 'creep', 'creep', 'creep']","['creep', 'creep', 'creep', 'creep', 'creep']",5.101555555555556,False
can13,6290,"[-1609, 10121, -10121]","[1263, -10121, 10121]","[0.17877777777777779, 1.1245555555555555, 1.1245555555555555]",3,M06290,"[0, 0, 0]",True,"['creep', 'creep', 'creep']","['creep', 'creep', 'creep']",2.427888888888889,False
can13,8296,"[0, 0, -1847, 10121, -10121]","[0, 0, -2618, -10121, 10121]","[0, 0.0, 0.2908888888888889, 1.1245555555555555, 1.1245555555555555]",5,M08296,"[2560, 0, 0, 0, 0]",True,"['creep', 'creep', 'creep', 'creep', 'creep']","['creep', 'creep', 'creep', 'creep', 'creep']",5.100222222222222,False
can23,1563,"[3618, 10121, -10121]","[-1173, -10121, 10121]","[0.402, 1.1245555555555555, 1.1245555555555555]",3,M01563,"[0, 0, 0]",True,"['creep', 'creep', 'creep']","['creep', 'creep', 'creep']",2.6511111111111108,False
can23,1941,"[0, 0, 340, 10121, -10121]","[0, 0, 137, -10121, 10121]","[0, 0.0, 0.03777777777777778, 1.1245555555555555, 1.1245555555555555]",5,M01941,"[2800, 0, 0, 0, 0]",True,"['creep', 'creep', 'creep', 'creep', 'creep']","['creep', 'creep', 'creep', 'creep', 'creep']",5.086444444444444,False
can12,6124,"[1449, 10121, -10121]","[-3735, -10121, 10121]","[0.415, 1.1245555555555555, 1.1245555555555555]",3,M06124,"[0, 0, 0]",True,"['creep', 'creep', 'creep']","['creep', 'creep', 'creep']",2.664111111111111,False
can12,5998,"[0, 0, 98, 10121, -10121]","[0, 0, 2176, -10121, 10121]","[0, 0.0, 0.2417777777777778, 1.1245555555555555, 1.1245555555555555]",5,M05998,"[2611, 0, 0, 0, 0]",True,"['creep', 'creep', 'creep', 'creep', 'creep']","['creep', 'creep', 'creep', 'creep', 'creep']",5.102111111111111,False
can12,5733,"[0, 0, -238, 10121, -10121]","[0, 0, 611, -10121, 10121]","[0, 0.0, 0.06788888888888889, 1.1245555555555555, 1.1245555555555555]",5,M05733,"[2319, 0, 0, 0, 0]",True,"['creep', 'creep', 'creep', 'creep', 'creep']","['creep', 'creep', 'creep', 'creep', 'creep']",4.636333333333333,False
can12,5728,"[0, 0, -1047, 10121, -10121]","[0, 0, -1714, -10121, 10121]","[0, 0.0, 0.19044444444444444, 1.1245555555555555, 1.1245555555555555]",5,M05728,"[2441, 0, 0, 0, 0]",True,"['creep', 'creep', 'creep', 'creep', 'creep']","['creep', 'creep', 'creep', 'creep', 'creep']",4.880333333333334,False
can12,3870,"[420, 10121, -10121]","[-46, -10121, 10121]","[0.04666666666666667, 1.1245555555555555, 1.1245555555555555]",3,M03870,"[0, 0, 0]",True,"['creep', 'creep', 'creep']","['creep', 'creep', 'creep']",2.2957777777777775,False
can12,2683,"[1517, 10121, -10121]","[-1269, -10121, 10121]","[0.16855555555555557, 1.1245555555555555, 1.1245555555555555]",3,M02683,"[0, 0, 0]",True,"['creep', 'creep', 'creep']","['creep', 'creep', 'creep']",2.4176666666666664,False
can12,6662,"[-3830, 10121, -10121]","[162, -10121, 10121]","[0.4255555555555556, 1.1245555555555555, 1.1245555555555555]",3,M06662,"[0, 0, 0]",True,"['creep', 'creep', 'creep']","['creep', 'creep', 'creep']",2.674666666666667,False
can13,8335,"[3228, 10121, -10121]","[-698, -10121, 10121]","[0.3586666666666667, 1.1245555555555555, 1.1245555555555555]",3,M08335,"[0, 0, 0]",True,"['creep', 'creep', 'creep']","['creep', 'creep', 'creep']",2.6077777777777778,False
can13,6026,"[2945, 10121, -10121]","[-1341, -10121, 10121]","[0.32722222222222225, 1.1245555555555555, 1.1245555555555555]",3,M06026,"[0, 0, 0]",True,"['creep', 'creep', 'creep']","['creep', 'creep', 'creep']",2.5763333333333334,False
can13,6292,"[0, 0, 295, 10121, -10121]","[0, 0, -1682, -10121, 10121]","[0, 0.0, 0.1868888888888889, 1.1245555555555555, 1.1245555555555555]",5,M06292,"[2666, 0, 0, 0, 0]",True,"['creep', 'creep', 'creep', 'creep', 'creep']","['creep', 'creep', 'creep', 'creep', 'creep']",5.1017777777777775,False
can23,1555,"[1023, 10121, -10121]","[597, -10121, 10121]","[0.11366666666666668, 1.1245555555555555, 1.1245555555555555]",3,M01555,"[0, 0, 0]",True,"['creep', 'creep', 'creep']","['creep', 'creep', 'creep']",2.3627777777777776,False
can23,1850,"[0, 0, 303, 10121, -10121]","[0, 0, -1553, -10121, 10121]","[0, 0.0, 0.17255555555555557, 1.1245555555555555, 1.1245555555555555]",5,M01850,"[2425, 0, 0, 0, 0]",True,"['creep', 'creep', 'creep', 'creep', 'creep']","['creep', 'creep', 'creep', 'creep', 'creep']",4.846333333333334,False
can23,1209,"[1043, 10121, -10121]","[-522, -10121, 10121]","[0.1158888888888889, 1.1245555555555555, 1.1245555555555555]",3,M01209,"[0, 0, 0]",True,"['creep', 'creep', 'creep']","['creep', 'creep', 'creep']",2.365,False
can12,5757,"[0, 0, 2233, 10121, -10121]","[0, 0, 2412, -10121, 10121]","[0, 0.0, 0.268, 1.1245555555555555, 1.1245555555555555]",5,M05757,"[2542, 0, 0, 0, 0]",True,"['creep', 'creep', 'creep', 'creep', 'creep']","['creep', 'creep', 'creep', 'creep', 'creep']",5.059111111111111,False
can12,5735,"[-3978, 10121, -10121]","[-1268, -10121, 10121]","[0.442, 1.1245555555555555, 1.1245555555555555]",3,M05735,"[0, 0, 0]",True,"['creep', 'creep', 'creep']","['creep', 'creep', 'creep']",2.691111111111111,False
can12,6034,"[-236, 10121, -10121]","[2954, -10121, 10121]","[0.32822222222222225, 1.1245555555555555, 1.1245555555555555]",3,M06034,"[0, 0, 0]",True,"['creep', 'creep', 'creep']","['creep', 'creep', 'creep']",2.5773333333333333,False
can12,5727,"[136, 10121, -10121]","[586, -10121, 10121]","[0.06511111111111112, 1.1245555555555555, 1.1245555555555555]",3,M05727,"[0, 0, 0]",True,"['creep', 'creep', 'creep']","['creep', 'creep', 'creep']",2.314222222222222,False
can12,5732,"[0, 0, 1675, 10121, -10121]","[0, 0, 593, -10121, 10121]","[0, 0.0, 0.18611111111111112, 1.1245555555555555, 1.1245555555555555]",5,M05732,"[2664, 0, 0, 0, 0]",True,"['creep', 'creep', 'creep', 'creep', 'creep']","['creep', 'creep', 'creep', 'creep', 'creep']",5.099333333333334,False
can12,2305,"[-3261, 10121, -10121]","[2938, -10121, 10121]","[0.36233333333333334, 1.1245555555555555, 1.1245555555555555]",3,M02305,"[0, 0, 0]",True,"['creep', 'creep', 'creep']","['creep', 'creep', 'creep']",2.6114444444444445,False
can12,6661,"[0, 0, -398, 10121, -10121]","[0, 0, -830, -10121, 10121]","[0, 0.0, 0.09222222222222222, 1.1245555555555555, 1.1245555555555555]",5,M06661,"[2759, 0, 0, 0, 0]",True,"['creep', 'creep', 'creep', 'creep', 'creep']","['creep', 'creep', 'creep', 'creep', 'creep']",5.100333333333333,False
can12,6642,"[0, 0, 138, 10121, -10121]","[0, 0, -1123, -10121, 10121]","[0, 0.0, 0.12477777777777779, 1.1245555555555555, 1.1245555555555555]",5,M06642,"[2726, 0, 0, 0, 0]",True,"['creep', 'creep', 'creep', 'creep', 'creep']","['creep', 'creep', 'creep', 'creep', 'creep']",5.099444444444444,False
can12,6121,"[0, 0, -2177, 10121, -10121]","[0, 0, 2285, -10121, 10121]","[0, 0.0, 0.2538888888888889, 1.1245555555555555, 1.1245555555555555]",5,M06121,"[2503, 0, 0, 0, 0]",True,"['creep', 'creep', 'creep', 'creep', 'creep']","['creep', 'creep', 'creep', 'creep', 'creep']",5.006111111111111,False
can13,5964,"[513, 10121, -10121]","[-3611, -10121, 10121]","[0.40122222222222226, 1.1245555555555555, 1.1245555555555555]",3,M05964,"[0, 0, 0]",True,"['creep', 'creep', 'creep']","['creep', 'creep', 'creep']",2.650333333333333,False
can13,3731,"[0, 0, -2353, 10121, -10121]","[0, 0, 185, -10121, 10121]","[0, 0.0, 0.2614444444444445, 1.1245555555555555, 1.1245555555555555]",5,M03731,"[2589, 0, 0, 0, 0]",True,"['creep', 'creep', 'creep', 'creep', 'creep']","['creep', 'creep', 'creep', 'creep', 'creep']",5.099777777777778,False
can13,8224,"[0, 0, -671, 10121, -10121]","[0, 0, 904, -10121, 10121]","[0, 0.0, 0.10044444444444445, 1.1245555555555555, 1.1245555555555555]",5,M08224,"[2351, 0, 0, 0, 0]",True,"['creep', 'creep', 'creep', 'creep', 'creep']","['creep', 'creep', 'creep', 'creep', 'creep']",4.700777777777778,False
can23,1537,"[94, 10121, -10121]","[-1117, -10121, 10121]","[0.12411111111111112, 1.1245555555555555, 1.1245555555555555]",3,M01537,"[0, 0, 0]",True,"['creep', 'creep', 'creep']","['creep', 'creep', 'creep']",2.373222222222222,False
can23,1824,"[-1740, 10121, -10121]","[3750, -10121, 10121]","[0.4166666666666667, 1.1245555555555555, 1.1245555555555555]",3,M01824,"[0, 0, 0]",True,"['creep', 'creep', 'creep']","['creep', 'creep', 'creep']",2.6657777777777776,False
can23,1207,"[-2268, 10121, -10121]","[3987, -10121, 10121]","[0.44300000000000006, 1.1245555555555555, 1.1245555555555555]",3,M01207,"[0, 0, 0]",True,"['creep', 'creep', 'creep']","['creep', 'creep', 'creep']",2.692111111111111,False
can23,1543,"[1066, 10121, -10121]","[-3061, -10121, 10121]","[0.34011111111111114, 1.1245555555555555, 1.1245555555555555]",3,M01543,"[0, 0, 0]",True,"['creep', 'creep', 'creep']","['creep', 'creep', 'creep']",2.5892222222222223,False
can23,1849,"[1201, 10121, -10121]","[-1904, -10121, 10121]","[0.21155555555555555, 1.1245555555555555, 1.1245555555555555]",3,M01849,"[0, 0, 0]",True,"['creep', 'creep', 'creep']","['creep', 'creep', 'creep']",2.4606666666666666,False
can12,6004,"[0, 0, -2119, 10121, -10121]","[0, 0, 1869, -10121, 10121]","[0, 0.0, 0.23544444444444446, 1.1245555555555555, 1.1245555555555555]",5,M06004,"[2493, 0, 0, 0, 0]",True,"['creep', 'creep', 'creep', 'creep', 'creep']","['creep', 'creep', 'creep', 'creep', 'creep']",4.977555555555556,False
can12,5706,"[0, 0, -1270, 10121, -10121]","[0, 0, 1613, -10121, 10121]","[0, 0.0, 0.17922222222222223, 1.1245555555555555, 1.1245555555555555]",5,M05706,"[2672, 0, 0, 0, 0]",True,"['creep', 'creep', 'creep', 'creep', 'creep']","['creep', 'creep', 'creep', 'creep', 'creep']",5.1001111111111115,False
can12,5731,"[0, 0, 1514, 10121, -10121]","[0, 0, 260, -10121, 10121]","[0, 0.0, 0.16822222222222222, 1.1245555555555555, 1.1245555555555555]",5,M05731,"[2418, 0, 0, 0, 0]",True,"['creep', 'creep', 'creep', 'creep', 'creep']","['creep', 'creep', 'creep', 'creep', 'creep']",4.835,False
can12,6660,"[0, 0, -25, 10121, -10121]","[0, 0, -468, -10121, 10121]","[0, 0.0, 0.052000000000000005, 1.1245555555555555, 1.1245555555555555]",5,M06660,"[2314, 0, 0, 0, 0]",True,"['creep', 'creep', 'creep', 'creep', 'creep']","['creep', 'creep', 'creep', 'creep', 'creep']",4.615333333333333,False
can12,6691,"[0, 0, 1609, 10121, -10121]","[0, 0, 1959, -10121, 10121]","[0, 0.0, 0.21766666666666667, 1.1245555555555555, 1.1245555555555555]",5,M06691,"[2634, 0, 0, 0, 0]",True,"['creep', 'creep', 'creep', 'creep', 'creep']","['creep', 'creep', 'creep', 'creep', 'creep']",5.100666666666666,False
can12,6120,"[573, 10121, -10121]","[632, -10121, 10121]","[0.07022222222222223, 1.1245555555555555, 1.1245555555555555]",3,M06120,"[0, 0, 0]",True,"['creep', 'creep', 'creep']","['creep', 'creep', 'creep']",2.3193333333333332,False
can12,6234,"[-169, 10121, -10121]","[3040, -10121, 10121]","[0.3377777777777778, 1.1245555555555555, 1.1245555555555555]",3,M06234,"[0, 0, 0]",True,"['creep', 'creep', 'creep']","['creep', 'creep', 'creep']",2.586888888888889,False
can13,6267,"[0, 0, -152, 10121, -10121]","[0, 0, 379, -10121, 10121]","[0, 0.0, 0.042111111111111106, 1.1245555555555555, 1.1245555555555555]",5,M06267,"[2804, 0, 0, 0, 0]",True,"['creep', 'creep', 'creep', 'creep', 'creep']","['creep', 'creep', 'creep', 'creep', 'creep']",5.095111111111111,False
can23,1511,"[4993, 10121, -10121]","[-3553, -10121, 10121]","[0.5547777777777778, 1.1245555555555555, 1.1245555555555555]",3,M01511,"[0, 0, 0]",True,"['creep', 'creep', 'creep']","['creep', 'creep', 'creep']",2.803888888888889,False
can23,1751,"[3372, 10121, -10121]","[-1460, -10121, 10121]","[0.3746666666666667, 1.1245555555555555, 1.1245555555555555]",3,M01751,"[0, 0, 0]",True,"['creep', 'creep', 'creep']","['creep', 'creep', 'creep']",2.6237777777777778,False
can23,1268,"[0, 0, -327, 10121, -10121]","[0, 0, -550, -10121, 10121]","[0, 0.0, 0.06111111111111111, 1.1245555555555555, 1.1245555555555555]",5,M01268,"[2786, 0, 0, 0, 0]",True,"['creep', 'creep', 'creep', 'creep', 'creep']","['creep', 'creep', 'creep', 'creep', 'creep']",5.096,False
can23,1541,"[0, 0, -617, 10121, -10121]","[0, 0, 578, -10121, 10121]","[0, 0.0, 0.06855555555555556, 1.1245555555555555, 1.1245555555555555]",5,M01541,"[2318, 0, 0, 0, 0]",True,"['creep', 'creep', 'creep', 'creep', 'creep']","['creep', 'creep', 'creep', 'creep', 'creep']",4.635777777777777,False
can23,1838,"[-3332, 10121, -10121]","[1995, -10121, 10121]","[0.3702222222222223, 1.1245555555555555, 1.1245555555555555]",3,M01838,"[0, 0, 0]",True,"['creep', 'creep', 'creep']","['creep', 'creep', 'creep']",2.6193333333333335,False
can23,934,"[0, 0, 1084, 10121, -10121]","[0, 0, 1238, -10121, 10121]","[0, 0.0, 0.13755555555555557, 1.1245555555555555, 1.1245555555555555]",5,M00934,"[2388, 0, 0, 0, 0]",True,"['creep', 'creep', 'creep', 'creep', 'creep']","['creep', 'creep', 'creep', 'creep', 'creep']",4.774222222222222,False
can23,1297,"[-829, 10121, -10121]","[3156, -10121, 10121]","[0.3506666666666667, 1.1245555555555555, 1.1245555555555555]",3,M01297,"[0, 0, 0]",True,"['creep', 'creep', 'creep']","['creep', 'creep', 'creep']",2.5997777777777777,False
can12,5730,"[560, 10121, -10121]","[-1636, -10121, 10121]","[0.18177777777777782, 1.1245555555555555, 1.1245555555555555]",3,M05730,"[0, 0, 0]",True,"['creep', 'creep', 'creep']","['creep', 'creep', 'creep']",2.430888888888889,False
can12,4725,"[696, 10121, -10121]","[321, -10121, 10121]","[0.07733333333333334, 1.1245555555555555, 1.1245555555555555]",3,M04725,"[0, 0, 0]",True,"['creep', 'creep', 'creep']","['creep', 'creep', 'creep']",2.3264444444444443,False
can12,6657,"[0, 0, -618, 10121, -10121]","[0, 0, 1015, -10121, 10121]","[0, 0.0, 0.11277777777777778, 1.1245555555555555, 1.1245555555555555]",5,M06657,"[2738, 0, 0, 0, 0]",True,"['creep', 'creep', 'creep', 'creep', 'creep']","['creep', 'creep', 'creep', 'creep', 'creep']",5.100222222222222,False
can12,6687,"[1421, 10121, -10121]","[2255, -10121, 10121]","[0.25055555555555553, 1.1245555555555555, 1.1245555555555555]",3,M06687,"[0, 0, 0]",True,"['creep', 'creep', 'creep']","['creep', 'creep', 'creep']",2.4996666666666663,False
can12,6082,"[1112, 10121, -10121]","[-1896, -10121, 10121]","[0.2106666666666667, 1.1245555555555555, 1.1245555555555555]",3,M06082,"[0, 0, 0]",True,"['creep', 'creep', 'creep']","['creep', 'creep', 'creep']",2.459777777777778,False
can12,6233,"[0, 0, 1879, 10121, -10121]","[0, 0, -966, -10121, 10121]","[0, 0.0, 0.20877777777777778, 1.1245555555555555, 1.1245555555555555]",5,M06233,"[2458, 0, 0, 0, 0]",True,"['creep', 'creep', 'creep', 'creep', 'creep']","['creep', 'creep', 'creep', 'creep', 'creep']",4.9158888888888885,False
can12,6133,"[777, 10121, -10121]","[4329, -10121, 10121]","[0.48100000000000004, 1.1245555555555555, 1.1245555555555555]",3,M06133,"[0, 0, 0]",True,"['creep', 'creep', 'creep']","['creep', 'creep', 'creep']",2.7301111111111114,False
can13,6286,"[0, 0, -2488, 10121, -10121]","[0, 0, 2220, -10121, 10121]","[0, 0.0, 0.27644444444444444, 1.1245555555555555, 1.1245555555555555]",5,M06286,"[2576, 0, 0, 0, 0]",True,"['creep', 'creep', 'creep', 'creep', 'creep']","['creep', 'creep', 'creep', 'creep', 'creep']",5.1018888888888885,False
can13,8226,"[-4428, 10121, -10121]","[2439, -10121, 10121]","[0.492, 1.1245555555555555, 1.1245555555555555]",3,M08226,"[0, 0, 0]",True,"['creep', 'creep', 'creep']","['creep', 'creep', 'creep']",2.741111111111111,False
can15,1955,"[437, 10121, -10121]","[-2678, -10121, 10121]","[0.2975555555555556, 1.1245555555555555, 1.1245555555555555]",3,M01955,"[0, 0, 0]",True,"['creep', 'creep', 'creep']","['creep', 'creep', 'creep']",2.546666666666667,False
can23,1726,"[-298, 10121, -10121]","[-5530, -10121, 10121]","[0.6144444444444445, 1.1245555555555555, 1.1245555555555555]",3,M01726,"[0, 0, 0]",True,"['creep', 'creep', 'creep']","['creep', 'creep', 'creep']",2.863555555555555,False
can23,1562,"[0, 0, -61, 10121, -10121]","[0, 0, -2224, -10121, 10121]","[0, 0.0, 0.24711111111111111, 1.1245555555555555, 1.1245555555555555]",5,M01562,"[2604, 0, 0, 0, 0]",True,"['creep', 'creep', 'creep', 'creep', 'creep']","['creep', 'creep', 'creep', 'creep', 'creep']",5.100333333333333,False
can23,1264,"[1593, 10121, -10121]","[-2573, -10121, 10121]","[0.2858888888888889, 1.1245555555555555, 1.1245555555555555]",3,M01264,"[0, 0, 0]",True,"['creep', 'creep', 'creep']","['creep', 'creep', 'creep']",2.535,False
can23,1823,"[3240, 10121, -10121]","[-858, -10121, 10121]","[0.36, 1.1245555555555555, 1.1245555555555555]",3,M01823,"[0, 0, 0]",True,"['creep', 'creep', 'creep']","['creep', 'creep', 'creep']",2.609111111111111,False
can23,1341,"[0, 0, 2087, 10121, -10121]","[0, 0, -3, -10121, 10121]","[0, 0.0, 0.2318888888888889, 1.1245555555555555, 1.1245555555555555]",5,M01341,"[2617, 0, 0, 0, 0]",True,"['creep', 'creep', 'creep', 'creep', 'creep']","['creep', 'creep', 'creep', 'creep', 'creep']",5.098444444444445,False
can23,1272,"[0, 0, 44, 10121, -10121]","[0, 0, 664, -10121, 10121]","[0, 0.0, 0.07377777777777779, 1.1245555555555555, 1.1245555555555555]",5,M01272,"[2343, 0, 0, 0, 0]",True,"['creep', 'creep', 'creep', 'creep', 'creep']","['creep', 'creep', 'creep', 'creep', 'creep']",4.6658888888888885,False
can23,1809,"[0, 0, 368, 10121, -10121]","[0, 0, 511, -10121, 10121]","[0, 0.0, 0.05677777777777778, 1.1245555555555555, 1.1245555555555555]",5,M01809,"[2308, 0, 0, 0, 0]",True,"['creep', 'creep', 'creep', 'creep', 'creep']","['creep', 'creep', 'creep', 'creep', 'creep']",4.614,False
can12,6585,"[1228, 10121, -10121]","[-7502, -10121, 10121]","[0.8335555555555556, 1.1245555555555555, 1.1245555555555555]",3,M06585,"[0, 0, 0]",True,"['creep', 'creep', 'creep']","['creep', 'creep', 'creep']",3.0826666666666664,False
can12,6005,"[0, 0, -994, 10121, -10121]","[0, 0, -210, -10121, 10121]","[0, 0.0, 0.11044444444444446, 1.1245555555555555, 1.1245555555555555]",5,M06005,"[2707, 0, 0, 0, 0]",True,"['creep', 'creep', 'creep', 'creep', 'creep']","['creep', 'creep', 'creep', 'creep', 'creep']",5.067,False
can12,6130,"[3260, 10121, -10121]","[606, -10121, 10121]","[0.3622222222222222, 1.1245555555555555, 1.1245555555555555]",3,M06130,"[0, 0, 0]",True,"['creep', 'creep', 'creep']","['creep', 'creep', 'creep']",2.6113333333333335,False
can15,2602,"[0, 0, 1917, 10121, -10121]","[0, 0, 388, -10121, 10121]","[0, 0.0, 0.21300000000000002, 1.1245555555555555, 1.1245555555555555]",5,M02602,"[2463, 0, 0, 0, 0]",True,"['creep', 'creep', 'creep', 'creep', 'creep']","['creep', 'creep', 'creep', 'creep', 'creep']",4.9255555555555555,False
can23,1958,"[0, 0, 1824, 10121, -10121]","[0, 0, 2100, -10121, 10121]","[0, 0.0, 0.23333333333333334, 1.1245555555555555, 1.1245555555555555]",5,M01958,"[2620, 0, 0, 0, 0]",True,"['creep', 'creep', 'creep', 'creep', 'creep']","['creep', 'creep', 'creep', 'creep', 'creep']",5.10211111111111,False
can23,1211,"[0, 0, 1310, 10121, -10121]","[0, 0, -53, -10121, 10121]","[0, 0.0, 0.14555555555555555, 1.1245555555555555, 1.1245555555555555]",5,M01211,"[2707, 0, 0, 0, 0]",True,"['creep', 'creep', 'creep', 'creep', 'creep']","['creep', 'creep', 'creep', 'creep', 'creep']",5.101222222222223,False
can23,1586,"[-2005, 10121, -10121]","[650, -10121, 10121]","[0.22277777777777777, 1.1245555555555555, 1.1245555555555555]",3,M01586,"[0, 0, 0]",True,"['creep', 'creep', 'creep']","['creep', 'creep', 'creep']",2.4718888888888886,False
can23,2464,"[-1528, 10121, -10121]","[348, -10121, 10121]","[0.16977777777777778, 1.1245555555555555, 1.1245555555555555]",3,M02464,"[0, 0, 0]",True,"['creep', 'creep', 'creep']","['creep', 'creep', 'creep']",2.4188888888888886,False
can23,1247,"[0, 0, -1174, 10121, -10121]","[0, 0, 383, -10121, 10121]","[0, 0.0, 0.13044444444444445, 1.1245555555555555, 1.1245555555555555]",5,M01247,"[2383, 0, 0, 0, 0]",True,"['creep', 'creep', 'creep', 'creep', 'creep']","['creep', 'creep', 'creep', 'creep', 'creep']",4.762888888888888,False
can23,1935,"[-1664, 10121, -10121]","[1221, -10121, 10121]","[0.1848888888888889, 1.1245555555555555, 1.1245555555555555]",3,M01935,"[0, 0, 0]",True,"['creep', 'creep', 'creep']","['creep', 'creep', 'creep']",2.434,False
can12,6655,"[0, 0, -1353, 10121, -10121]","[0, 0, 401, -10121, 10121]","[0, 0.0, 0.15033333333333335, 1.1245555555555555, 1.1245555555555555]",5,M06655,"[2692, 0, 0, 0, 0]",True,"['creep', 'creep', 'creep', 'creep', 'creep']","['creep', 'creep', 'creep', 'creep', 'creep']",5.091222222222223,False
can12,6132,"[0, 0, 669, 10121, -10121]","[0, 0, 102, -10121, 10136]","[0, 0.0, 0.07433333333333333, 1.1245555555555555, 1.1262222222222222]",5,M06132,"[2326, 0, 0, 0, 0]",True,"['creep', 'creep', 'creep', 'creep', 'creep']","['creep', 'creep', 'cruise', 'creep', 'creep']",4.651555555555555,False
can12,6302,"[0, 0, -372, 10121, -10121]","[0, 0, 2220, -10121, 10121]","[0, 0.0, 0.24666666666666667, 1.1245555555555555, 1.1245555555555555]",5,M06302,"[2500, 0, 0, 0, 0]",True,"['creep', 'creep', 'creep', 'creep', 'creep']","['creep', 'creep', 'creep', 'creep', 'creep']",4.995444444444444,False
can12,5966,"[3682, 10121, -10121]","[-1046, -10121, 10121]","[0.40911111111111115, 1.1245555555555555, 1.1245555555555555]",3,M05966,"[0, 0, 0]",True,"['creep', 'creep', 'creep']","['creep', 'creep', 'creep']",2.6582222222222223,False
can12,6129,"[-6968, 10121, -10121]","[2790, -10121, 10121]","[0.7742222222222223, 1.1245555555555555, 1.1245555555555555]",3,M06129,"[0, 0, 0]",True,"['creep', 'creep', 'creep']","['creep', 'creep', 'creep']",3.0233333333333334,False
can12,5740,"[0, 0, -2093, 10121, -10121]","[0, 0, 2452, -10121, 10121]","[0, 0.0, 0.2724444444444445, 1.1245555555555555, 1.1245555555555555]",5,M05740,"[2576, 0, 0, 0, 0]",True,"['creep', 'creep', 'creep', 'creep', 'creep']","['creep', 'creep', 'creep', 'creep', 'creep']",5.097888888888889,False
can15,1933,"[1346, 10121, -10121]","[3336, -10121, 10121]","[0.3706666666666667, 1.1245555555555555, 1.1245555555555555]",3,M01933,"[0, 0, 0]",True,"['creep', 'creep', 'creep']","['creep', 'creep', 'creep']",2.6197777777777778,False
can15,1795,"[3804, 10121, -10121]","[1133, -10121, 10121]","[0.4226666666666667, 1.1245555555555555, 1.1245555555555555]",3,M01795,"[0, 0, 0]",True,"['creep', 'creep', 'creep']","['creep', 'creep', 'creep']",2.671777777777778,False
can15,6236,"[0, 0, 1489, 10121, -10121]","[0, 0, 1223, -10121, 10121]","[0, 0.0, 0.16544444444444445, 1.1245555555555555, 1.1245555555555555]",5,M06236,"[2416, 0, 0, 0, 0]",True,"['creep', 'creep', 'creep', 'creep', 'creep']","['creep', 'creep', 'creep', 'creep', 'creep']",4.8309999999999995,False
can23,1565,"[0, 0, 1055, 10121, -10121]","[0, 0, -702, -10121, 10121]","[0, 0.0, 0.11722222222222223, 1.1245555555555555, 1.1245555555555555]",5,M01565,"[2372, 0, 0, 0, 0]",True,"['creep', 'creep', 'creep', 'creep', 'creep']","['creep', 'creep', 'creep', 'creep', 'creep']",4.738333333333333,False
can23,1374,"[3646, 10121, -10121]","[-1873, -10121, 10121]","[0.40511111111111114, 1.1245555555555555, 1.1245555555555555]",3,M01374,"[0, 0, 0]",True,"['creep', 'creep', 'creep']","['creep', 'creep', 'creep']",2.6542222222222223,False
can23,1206,"[2925, 10121, -10121]","[-516, -10121, 10121]","[0.325, 1.1245555555555555, 1.1245555555555555]",3,M01206,"[0, 0, 0]",True,"['creep', 'creep', 'creep']","['creep', 'creep', 'creep']",2.574111111111111,False
can23,1296,"[0, 0, 399, 10121, -10121]","[0, 0, -1131, -10121, 10121]","[0, 0.0, 0.12566666666666668, 1.1245555555555555, 1.1245555555555555]",5,M01296,"[2376, 0, 0, 0, 0]",True,"['creep', 'creep', 'creep', 'creep', 'creep']","['creep', 'creep', 'creep', 'creep', 'creep']",4.750888888888889,False
can23,1922,"[0, 0, -2200, 10121, -10121]","[0, 0, 2402, -10121, 10121]","[0, 0.0, 0.2668888888888889, 1.1245555555555555, 1.1245555555555555]",5,M01922,"[2527, 0, 0, 0, 0]",True,"['creep', 'creep', 'creep', 'creep', 'creep']","['creep', 'creep', 'creep', 'creep', 'creep']",5.042944444444444,False
can23,2486,"[0, 0, -1797, 10121, -10121]","[0, 0, 329, -10121, 10121]","[0, 0.0, 0.1996666666666667, 1.1245555555555555, 1.1245555555555555]",5,M02486,"[2650, 0, 0, 0, 0]",True,"['creep', 'creep', 'creep', 'creep', 'creep']","['creep', 'creep', 'creep', 'creep', 'creep']",5.099111111111111,False
can22,1360,"[-3314, 10121, -10121]","[3364, -10121, 10121]","[0.3737777777777778, 1.1245555555555555, 1.1245555555555555]",3,M01360,"[0, 0, 0]",True,"['creep', 'creep', 'creep']","['creep', 'creep', 'creep']",2.622888888888889,False
can22,1811,"[0, 0, 1291, 10121, -10121]","[0, 0, -49, -10121, 10121]","[0, 0.0, 0.14344444444444443, 1.1245555555555555, 1.1245555555555555]",5,M01811,"[2705, 0, 0, 0, 0]",True,"['creep', 'creep', 'creep', 'creep', 'creep']","['creep', 'creep', 'creep', 'creep', 'creep']",5.097666666666667,False
can12,6301,"[0, 0, -1174, 10121, -10121]","[0, 0, 2691, -10121, 10121]","[0, 0.0, 0.29900000000000004, 1.1245555555555555, 1.1245555555555555]",5,M06301,"[2551, 0, 0, 0, 0]",True,"['creep', 'creep', 'creep', 'creep', 'creep']","['creep', 'creep', 'creep', 'creep', 'creep']",5.099222222222222,False
can12,6586,"[0, 0, 719, 10121, -10121]","[0, 0, -154, -10121, 10121]","[0, 0.0, 0.0798888888888889, 1.1245555555555555, 1.1245555555555555]",5,M06586,"[2330, 0, 0, 0, 0]",True,"['creep', 'creep', 'creep', 'creep', 'creep']","['creep', 'creep', 'creep', 'creep', 'creep']",4.658777777777777,False
can12,6128,"[0, 0, 1882, 10121, -10121]","[0, 0, 1310, -10121, 10121]","[0, 0.0, 0.20911111111111114, 1.1245555555555555, 1.1245555555555555]",5,M06128,"[2458, 0, 0, 0, 0]",True,"['creep', 'creep', 'creep', 'creep', 'creep']","['creep', 'creep', 'creep', 'creep', 'creep']",4.916444444444444,False
can12,6027,"[0, 0, -1988, 10121, -10121]","[0, 0, -12, -10121, 10121]","[0, 0.0, 0.2208888888888889, 1.1245555555555555, 1.1245555555555555]",5,M06027,"[2631, 0, 0, 0, 0]",True,"['creep', 'creep', 'creep', 'creep', 'creep']","['creep', 'creep', 'creep', 'creep', 'creep']",5.100555555555555,False
can15,2560,"[0, 0, 2028, 10121, -10121]","[0, 0, -1471, -10121, 10121]","[0, 0.0, 0.22533333333333336, 1.1245555555555555, 1.1245555555555555]",5,M02560,"[2627, 0, 0, 0, 0]",True,"['creep', 'creep', 'creep', 'creep', 'creep']","['creep', 'creep', 'creep', 'creep', 'creep']",5.101333333333333,False
can15,2550,"[-1736, 10121, -10121]","[3070, -10121, 10121]","[0.3411111111111111, 1.1245555555555555, 1.1245555555555555]",3,M02550,"[0, 0, 0]",True,"['creep', 'creep', 'creep']","['creep', 'creep', 'creep']",2.590222222222222,False
can15,2605,"[-1350, 10121, -10121]","[-3101, -10121, 10121]","[0.34455555555555556, 1.1245555555555555, 1.1245555555555555]",3,M02605,"[0, 0, 0]",True,"['creep', 'creep', 'creep']","['creep', 'creep', 'creep']",2.5936666666666666,False
can15,6417,"[1456, 10121, -10121]","[13976, -10121, 10121]","[1.552888888888889, 1.1245555555555555, 1.1245555555555555]",3,M06417,"[0, 0, 0]",True,"['creep', 'creep', 'creep']","['creep', 'creep', 'creep']",3.8019999999999996,False
can15,2410,"[84, 10121, -10121]","[1929, -10121, 10121]","[0.21433333333333335, 1.1245555555555555, 1.1245555555555555]",3,M02410,"[0, 0, 0]",True,"['creep', 'creep', 'creep']","['creep', 'creep', 'creep']",2.4634444444444443,False
can23,1169,"[-3849, 10121, -10121]","[887, -10121, 10121]","[0.4276666666666667, 1.1245555555555555, 1.1245555555555555]",3,M01169,"[0, 0, 0]",True,"['creep', 'creep', 'creep']","['creep', 'creep', 'creep']",2.6767777777777777,False
can23,1344,"[326, 10121, -10121]","[621, -10121, 10121]","[0.069, 1.1245555555555555, 1.1245555555555555]",3,M01344,"[0, 0, 0]",True,"['creep', 'creep', 'creep']","['creep', 'creep', 'creep']",2.318111111111111,False
can23,2623,"[0, 0, 2615, 10121, -10121]","[0, 0, -1773, -10121, 10121]","[0, 0.0, 0.29055555555555557, 1.1245555555555555, 1.1245555555555555]",5,M02623,"[2557, 0, 0, 0, 0]",True,"['creep', 'creep', 'creep', 'creep', 'creep']","['creep', 'creep', 'creep', 'creep', 'creep']",5.096777777777778,False
can23,1918,"[2398, 10121, -10121]","[-184, -10121, 10121]","[0.2664444444444445, 1.1245555555555555, 1.1245555555555555]",3,M01918,"[0, 0, 0]",True,"['creep', 'creep', 'creep']","['creep', 'creep', 'creep']",2.5155555555555553,False
can23,2624,"[0, 0, 2154, 10121, -10121]","[0, 0, -471, -10121, 10121]","[0, 0.0, 0.23933333333333334, 1.1245555555555555, 1.1245555555555555]",5,M02624,"[2608, 0, 0, 0, 0]",True,"['creep', 'creep', 'creep', 'creep', 'creep']","['creep', 'creep', 'creep', 'creep', 'creep']",5.096222222222222,False
can22,1105,"[0, 0, 2050, 10121, -10121]","[0, 0, 1821, -10121, 10121]","[0, 0.0, 0.22777777777777777, 1.1245555555555555, 1.1245555555555555]",5,M01105,"[2623, 0, 0, 0, 0]",True,"['creep', 'creep', 'creep', 'creep', 'creep']","['creep', 'creep', 'creep', 'creep', 'creep']",5.099777777777778,False
can22,1807,"[0, 0, -736, 10121, -10121]","[0, 0, 600, -10121, 10121]","[0, 0.0, 0.08177777777777778, 1.1245555555555555, 1.1245555555555555]",5,M01807,"[2764, 0, 0, 0, 0]",True,"['creep', 'creep', 'creep', 'creep', 'creep']","['creep', 'creep', 'creep', 'creep', 'creep']",5.094777777777777,False
can22,8214,"[-3067, 10121, -10121]","[1624, -10121, 10121]","[0.3407777777777778, 1.1245555555555555, 1.1245555555555555]",3,M08214,"[0, 0, 0]",True,"['creep', 'creep', 'creep']","['creep', 'creep', 'creep']",2.589888888888889,False
can22,8064,"[0, 0, -2440, 10121, -10121]","[0, 0, -772, -10121, 10121]","[0, 0.0, 0.27111111111111114, 1.1245555555555555, 1.1245555555555555]",5,M08064,"[2579, 0, 0, 0, 0]",True,"['creep', 'creep', 'creep', 'creep', 'creep']","['creep', 'creep', 'creep', 'creep', 'creep']",5.099111111111111,False
can12,6126,"[0, 0, 645, 10121, -10121]","[0, 0, -1650, -10121, 10121]","[0, 0.0, 0.18333333333333332, 1.1245555555555555, 1.1245555555555555]",5,M06126,"[2434, 0, 0, 0, 0]",True,"['creep', 'creep', 'creep', 'creep', 'creep']","['creep', 'creep', 'creep', 'creep', 'creep']",4.866666666666666,False
can12,6291,"[0, 0, -2319, 10121, -10121]","[0, 0, -503, -10121, 10121]","[0, 0.0, 0.25766666666666665, 1.1245555555555555, 1.1245555555555555]",5,M06291,"[2594, 0, 0, 0, 0]",True,"['creep', 'creep', 'creep', 'creep', 'creep']","['creep', 'creep', 'creep', 'creep', 'creep']",5.100444444444444,False
can12,5742,"[422, 10121, -10121]","[2195, -10121, 10121]","[0.24388888888888888, 1.1245555555555555, 1.1245555555555555]",3,M05742,"[0, 0, 0]",True,"['creep', 'creep', 'creep']","['creep', 'creep', 'creep']",2.493,False
can15,2373,"[0, 0, 877, 10121, -10121]","[0, 0, 1934, -10121, 10121]","[0, 0.0, 0.2148888888888889, 1.1245555555555555, 1.1245555555555555]",5,M02373,"[2474, 0, 0, 0, 0]",True,"['creep', 'creep', 'creep', 'creep', 'creep']","['creep', 'creep', 'creep', 'creep', 'creep']",4.937666666666667,False
can15,1966,"[-11593, 10121, -10121]","[8149, -10121, 10121]","[1.288111111111111, 1.1245555555555555, 1.1245555555555555]",3,M01966,"[0, 0, 0]",True,"['creep', 'creep', 'creep']","['creep', 'creep', 'creep']",3.537222222222222,False
can15,2604,"[0, 0, -1604, 10121, -10121]","[0, 0, -1182, -10121, 10121]","[0, 0.0, 0.17822222222222223, 1.1245555555555555, 1.1245555555555555]",5,M02604,"[2675, 0, 0, 0, 0]",True,"['creep', 'creep', 'creep', 'creep', 'creep']","['creep', 'creep', 'creep', 'creep', 'creep']",5.102,False
can15,2485,"[3821, 10121, -10121]","[-3284, -10121, 10121]","[0.4245555555555556, 1.1245555555555555, 1.1245555555555555]",3,M02485,"[0, 0, 0]",True,"['creep', 'creep', 'creep']","['creep', 'creep', 'creep']",2.6736666666666666,False
can15,6416,"[-2718, 10121, -10121]","[1334, -10121, 10121]","[0.302, 1.1245555555555555, 1.1245555555555555]",3,M06416,"[0, 0, 0]",True,"['creep', 'creep', 'creep']","['creep', 'creep', 'creep']",2.551111111111111,False
can15,2398,"[0, 0, -793, 10121, -10121]","[0, 0, 1458, -10121, 10121]","[0, 0.0, 0.162, 1.1245555555555555, 1.1245555555555555]",5,M02398,"[2689, 0, 0, 0, 0]",True,"['creep', 'creep', 'creep', 'creep', 'creep']","['creep', 'creep', 'creep', 'creep', 'creep']",5.099888888888889,False
can15,2279,"[0, 0, -324, 10121, -10121]","[0, 0, -1797, -10121, 10121]","[0, 0.0, 0.1996666666666667, 1.1245555555555555, 1.1245555555555555]",5,M02279,"[2456, 0, 0, 0, 0]",True,"['creep', 'creep', 'creep', 'creep', 'creep']","['creep', 'creep', 'creep', 'creep', 'creep']",4.904555555555556,False
can15,1813,"[3400, 10121, -10121]","[-695, -10121, 10121]","[0.37777777777777777, 1.1245555555555555, 1.1245555555555555]",3,M01813,"[0, 0, 0]",True,"['creep', 'creep', 'creep']","['creep', 'creep', 'creep']",2.626888888888889,False
can23,2611,"[0, 0, 1111, 10121, -10121]","[0, 0, 2586, -10121, 10121]","[0, 0.0, 0.2873333333333334, 1.1245555555555555, 1.1245555555555555]",5,M02611,"[2557, 0, 0, 0, 0]",True,"['creep', 'creep', 'creep', 'creep', 'creep']","['creep', 'creep', 'creep', 'creep', 'creep']",5.093444444444444,False
can23,1889,"[-2766, 10121, -10121]","[1420, -10121, 10121]","[0.30733333333333335, 1.1245555555555555, 1.1245555555555555]",3,M01889,"[0, 0, 0]",True,"['creep', 'creep', 'creep']","['creep', 'creep', 'creep']",2.5564444444444447,False
can23,2108,"[2242, 10121, -10121]","[6015, -10121, 10121]","[0.6683333333333333, 1.1245555555555555, 1.1245555555555555]",3,M02108,"[0, 0, 0]",True,"['creep', 'creep', 'creep']","['creep', 'creep', 'creep']",2.9174444444444445,False
can22,1083,"[-2392, 10121, -10121]","[4633, -10121, 10121]","[0.5147777777777778, 1.1245555555555555, 1.1245555555555555]",3,M01083,"[0, 0, 0]",True,"['creep', 'creep', 'creep']","['creep', 'creep', 'creep']",2.763888888888889,False
can22,1728,"[-3061, 10121, -10121]","[553, -10121, 10121]","[0.34011111111111114, 1.1245555555555555, 1.1245555555555555]",3,M01728,"[0, 0, 0]",True,"['creep', 'creep', 'creep']","['creep', 'creep', 'creep']",2.5892222222222223,False
can22,8199,"[2911, 10121, -10121]","[-66, -10121, 10121]","[0.3234444444444445, 1.1245555555555555, 1.1245555555555555]",3,M08199,"[0, 0, 0]",True,"['creep', 'creep', 'creep']","['creep', 'creep', 'creep']",2.5725555555555557,False
can22,8213,"[531, 10121, -10121]","[-422, -10121, 10121]","[0.059000000000000004, 1.1245555555555555, 1.1245555555555555]",3,M08213,"[0, 0, 0]",True,"['creep', 'creep', 'creep']","['creep', 'creep', 'creep']",2.308111111111111,False
can22,7578,"[-981, 10121, -10121]","[-1143, -10121, 10121]","[0.127, 1.1245555555555555, 1.1245555555555555]",3,M07578,"[0, 0, 0]",True,"['creep', 'creep', 'creep']","['creep', 'creep', 'creep']",2.3761111111111113,False
can12,5741,"[3318, 10121, -10121]","[-971, -10121, 10121]","[0.3686666666666667, 1.1245555555555555, 1.1245555555555555]",3,M05741,"[0, 0, 0]",True,"['creep', 'creep', 'creep']","['creep', 'creep', 'creep']",2.6177777777777775,False
can12,5744,"[-227, 10121, -10121]","[-1666, -10121, 10121]","[0.18511111111111114, 1.1245555555555555, 1.1245555555555555]",3,M05744,"[0, 0, 0]",True,"['creep', 'creep', 'creep']","['creep', 'creep', 'creep']",2.434222222222222,False
can15,2280,"[0, 0, 1835, 10121, -10121]","[0, 0, -1039, -10121, 10121]","[0, 0.0, 0.2038888888888889, 1.1245555555555555, 1.1245555555555555]",5,M02280,"[2648, 0, 0, 0, 0]",True,"['creep', 'creep', 'creep', 'creep', 'creep']","['creep', 'creep', 'creep', 'creep', 'creep']",5.100888888888889,False
can15,6415,"[-3939, 10121, -10121]","[2233, -10121, 10121]","[0.4376666666666667, 1.1245555555555555, 1.1245555555555555]",3,M06415,"[0, 0, 0]",True,"['creep', 'creep', 'creep']","['creep', 'creep', 'creep']",2.6867777777777775,False
can15,6826,"[4860, -10121, 10121]","[736, -10121, 10121]","[0.54, 1.1245555555555555, 1.1245555555555555]",3,M06826,"[0, 0, 0]",True,"['creep', 'creep', 'creep']","['creep', 'creep', 'creep']",2.789111111111111,False
can15,1130,"[0, 0, 2158, 10121, -10121]","[0, 0, 586, -10121, 10121]","[0, 0.0, 0.23977777777777778, 1.1245555555555555, 1.1245555555555555]",5,M01130,"[2611, 0, 0, 0, 0]",True,"['creep', 'creep', 'creep', 'creep', 'creep']","['creep', 'creep', 'creep', 'creep', 'creep']",5.100222222222222,False
can23,2078,"[-858, 10121, -10121]","[3057, -10121, 10121]","[0.3396666666666667, 1.1245555555555555, 1.1245555555555555]",3,M02078,"[0, 0, 0]",True,"['creep', 'creep', 'creep']","['creep', 'creep', 'creep']",2.5887777777777776,False
can22,1076,"[0, 0, -1886, 10121, -10121]","[0, 0, 1448, -10121, 10121]","[0, 0.0, 0.20955555555555558, 1.1245555555555555, 1.1245555555555555]",5,M01076,"[2461, 0, 0, 0, 0]",True,"['creep', 'creep', 'creep', 'creep', 'creep']","['creep', 'creep', 'creep', 'creep', 'creep']",4.919333333333333,False
can22,1536,"[-8119, 10121, -10121]","[4681, -10121, 10121]","[0.9021111111111112, 1.1245555555555555, 1.1245555555555555]",3,M01536,"[0, 0, 0]",True,"['creep', 'creep', 'creep']","['creep', 'creep', 'creep']",3.1512222222222226,False
can22,8087,"[-2844, 10121, -10121]","[3242, -10121, 10121]","[0.3602222222222223, 1.1245555555555555, 1.1245555555555555]",3,M08087,"[0, 0, 0]",True,"['creep', 'creep', 'creep']","['creep', 'creep', 'creep']",2.6093333333333333,False
can22,8121,"[0, 0, -1443, 10121, -10121]","[0, 0, -617, -10121, 10121]","[0, 0.0, 0.16033333333333336, 1.1245555555555555, 1.1245555555555555]",5,M08121,"[2692, 0, 0, 0, 0]",True,"['creep', 'creep', 'creep', 'creep', 'creep']","['creep', 'creep', 'creep', 'creep', 'creep']",5.101555555555556,False
can22,5513,"[-243, 10121, -10121]","[-3266, -10121, 10121]","[0.3628888888888889, 1.1245555555555555, 1.1245555555555555]",3,M05513,"[0, 0, 0]",True,"['creep', 'creep', 'creep']","['creep', 'creep', 'creep']",2.612,False
can22,6283,"[329, 10121, -10121]","[-500, -10121, 10121]","[0.05555555555555555, 1.1245555555555555, 1.1245555555555555]",3,M06283,"[0, 0, 0]",True,"['creep', 'creep', 'creep']","['creep', 'creep', 'creep']",2.304666666666667,False
can22,8349,"[0, 0, 2286, 10121, -10121]","[0, 0, -481, -10121, 10121]","[0, 0.0, 0.254, 1.1245555555555555, 1.1245555555555555]",5,M08349,"[2599, 0, 0, 0, 0]",True,"['creep', 'creep', 'creep', 'creep', 'creep']","['creep', 'creep', 'creep', 'creep', 'creep']",5.102111111111111,False
can15,6237,"[0, 0, 2057, 10121, -10121]","[0, 0, -1367, -10121, 10121]","[0, 0.0, 0.22855555555555557, 1.1245555555555555, 1.1245555555555555]",5,M06237,"[2620, 0, 0, 0, 0]",True,"['creep', 'creep', 'creep', 'creep', 'creep']","['creep', 'creep', 'creep', 'creep', 'creep']",5.097444444444445,False
can15,6754,"[-2945, 10121, -10121]","[2312, -10121, 10121]","[0.32722222222222225, 1.1245555555555555, 1.1245555555555555]",3,M06754,"[0, 0, 0]",True,"['creep', 'creep', 'creep']","['creep', 'creep', 'creep']",2.5763333333333334,False
can15,2364,"[0, 0, 754, 10121, -10121]","[0, 0, -802, -10121, 10121]","[0, 0.0, 0.08911111111111111, 1.1245555555555555, 1.1245555555555555]",5,M02364,"[2757, 0, 0, 0, 0]",True,"['creep', 'creep', 'creep', 'creep', 'creep']","['creep', 'creep', 'creep', 'creep', 'creep']",5.095222222222222,False
can15,1837,"[0, 0, -2647, 10121, -10121]","[0, 0, 1065, -10121, 10121]","[0, 0.0, 0.2941111111111111, 1.1245555555555555, 1.1245555555555555]",5,M01837,"[2547, 0, 0, 0, 0]",True,"['creep', 'creep', 'creep', 'creep', 'creep']","['creep', 'creep', 'creep', 'creep', 'creep']",5.089888888888889,False
can15,1792,"[442, 10121, -10121]","[-947, -10121, 10121]","[0.10522222222222223, 1.1245555555555555, 1.1245555555555555]",3,M01792,"[0, 0, 0]",True,"['creep', 'creep', 'creep']","['creep', 'creep', 'creep']",2.3543333333333334,False
can15,2563,"[-862, 10121, -10121]","[1506, -10121, 10121]","[0.16733333333333333, 1.1245555555555555, 1.1245555555555555]",3,M02563,"[0, 0, 0]",True,"['creep', 'creep', 'creep']","['creep', 'creep', 'creep']",2.416444444444444,False
can14,1954,"[993, 10121, -10121]","[-1882, -10121, 10121]","[0.20911111111111114, 1.1245555555555555, 1.1245555555555555]",3,M01954,"[0, 0, 0]",True,"['creep', 'creep', 'creep']","['creep', 'creep', 'creep']",2.458222222222222,False
can22,8084,"[0, 0, -2237, 10121, -10121]","[0, 0, 2580, -10121, 10121]","[0, 0.0, 0.2866666666666667, 1.1245555555555555, 1.1245555555555555]",5,M08084,"[2556, 0, 0, 0, 0]",True,"['creep', 'creep', 'creep', 'creep', 'creep']","['creep', 'creep', 'creep', 'creep', 'creep']",5.092222222222222,False
can22,8119,"[0, 0, 361, 10121, -10121]","[0, 0, -1710, -10121, 10121]","[0, 0.0, 0.19, 1.1245555555555555, 1.1245555555555555]",5,M08119,"[2444, 0, 0, 0, 0]",True,"['creep', 'creep', 'creep', 'creep', 'creep']","['creep', 'creep', 'creep', 'creep', 'creep']",4.883222222222222,False
can22,5573,"[2411, 10121, -10121]","[2800, -10121, 10121]","[0.3111111111111111, 1.1245555555555555, 1.1245555555555555]",3,M05573,"[0, 0, 0]",True,"['creep', 'creep', 'creep']","['creep', 'creep', 'creep']",2.5602222222222224,False
can22,7478,"[0, 0, 1633, 10121, -10121]","[0, 0, 191, -10121, 10121]","[0, 0.0, 0.18144444444444446, 1.1245555555555555, 1.1245555555555555]",5,M07478,"[2670, 0, 0, 0, 0]",True,"['creep', 'creep', 'creep', 'creep', 'creep']","['creep', 'creep', 'creep', 'creep', 'creep']",5.100444444444444,False
can22,3341,"[0, 0, 1604, 10121, -10121]","[0, 0, -2168, -10121, 10121]","[0, 0.0, 0.2408888888888889, 1.1245555555555555, 1.1245555555555555]",5,M03341,"[2612, 0, 0, 0, 0]",True,"['creep', 'creep', 'creep', 'creep', 'creep']","['creep', 'creep', 'creep', 'creep', 'creep']",5.102,False
can15,6238,"[-6375, 10121, -10121]","[465, -10121, 10121]","[0.7083333333333334, 1.1245555555555555, 1.1245555555555555]",3,M06238,"[0, 0, 0]",True,"['creep', 'creep', 'creep']","['creep', 'creep', 'creep']",2.9574444444444445,False
can15,1925,"[-3589, 10121, -10121]","[2062, -10121, 10121]","[0.39877777777777784, 1.1245555555555555, 1.1245555555555555]",3,M01925,"[0, 0, 0]",True,"['creep', 'creep', 'creep']","['creep', 'creep', 'creep']",2.6478888888888887,False
can15,1087,"[0, 0, -1624, 10121, -10121]","[0, 0, -2105, -10121, 10121]","[0, 0.0, 0.2338888888888889, 1.1245555555555555, 1.1245555555555555]",5,M01087,"[2618, 0, 0, 0, 0]",True,"['creep', 'creep', 'creep', 'creep', 'creep']","['creep', 'creep', 'creep', 'creep', 'creep']",5.100777777777777,False
can15,1327,"[0, 0, 1313, 10121, -10121]","[0, 0, 1307, -10121, 10121]","[0, 0.0, 0.1458888888888889, 1.1245555555555555, 1.1245555555555555]",5,M01327,"[2691, 0, 0, 0, 0]",True,"['creep', 'creep', 'creep', 'creep', 'creep']","['creep', 'creep', 'creep', 'creep', 'creep']",5.08611111111111,False
can15,2517,"[-1652, 10121, -10121]","[4403, -10121, 10121]","[0.4892222222222222, 1.1245555555555555, 1.1245555555555555]",3,M02517,"[0, 0, 0]",True,"['creep', 'creep', 'creep']","['creep', 'creep', 'creep']",2.7383333333333333,False
can15,1804,"[-2401, 10121, -10121]","[2129, -10121, 10121]","[0.2667777777777778, 1.1245555555555555, 1.1245555555555555]",3,M01804,"[0, 0, 0]",True,"['creep', 'creep', 'creep']","['creep', 'creep', 'creep']",2.515888888888889,False
can14,1947,"[-3984, 10121, -10121]","[2822, -10121, 10121]","[0.4426666666666667, 1.1245555555555555, 1.1245555555555555]",3,M01947,"[0, 0, 0]",True,"['creep', 'creep', 'creep']","['creep', 'creep', 'creep']",2.691777777777778,False
can14,1074,"[-200, 10121, -10121]","[4288, -10121, 10121]","[0.47644444444444445, 1.1245555555555555, 1.1245555555555555]",3,M01074,"[0, 0, 0]",True,"['creep', 'creep', 'creep']","['creep', 'creep', 'creep']",2.7255555555555553,False
can14,795,"[966, 10121, -10121]","[2886, -10121, 10121]","[0.3206666666666667, 1.1245555555555555, 1.1245555555555555]",3,M00795,"[0, 0, 0]",True,"['creep', 'creep', 'creep']","['creep', 'creep', 'creep']",2.5697777777777775,False
can22,8066,"[0, 0, -2051, 10121, -10121]","[0, 0, 356, -10121, 10121]","[0, 0.0, 0.22788888888888892, 1.1245555555555555, 1.1245555555555555]",5,M08066,"[2624, 0, 0, 0, 0]",True,"['creep', 'creep', 'creep', 'creep', 'creep']","['creep', 'creep', 'creep', 'creep', 'creep']",5.100777777777778,False
can22,8117,"[0, 0, 2103, 10121, -10121]","[0, 0, 686, -10121, 10121]","[0, 0.0, 0.2336666666666667, 1.1245555555555555, 1.1245555555555555]",5,M08117,"[2619, 0, 0, 0, 0]",True,"['creep', 'creep', 'creep', 'creep', 'creep']","['creep', 'creep', 'creep', 'creep', 'creep']",5.102111111111111,False
can22,8318,"[-622, 10121, -10121]","[3313, -10121, 10121]","[0.3681111111111111, 1.1245555555555555, 1.1245555555555555]",3,M08318,"[0, 0, 0]",True,"['creep', 'creep', 'creep']","['creep', 'creep', 'creep']",2.617222222222222,False
can22,8222,"[0, 0, -2144, 10121, -10121]","[0, 0, 1520, -10121, 10121]","[0, 0.0, 0.23822222222222222, 1.1245555555555555, 1.1245555555555555]",5,M08222,"[2589, 0, 0, 0, 0]",True,"['creep', 'creep', 'creep', 'creep', 'creep']","['creep', 'creep', 'creep', 'creep', 'creep']",5.076111111111111,False
can22,4437,"[-1873, 10121, -10121]","[1947, -10121, 10121]","[0.21633333333333335, 1.1245555555555555, 1.1245555555555555]",3,M04437,"[0, 0, 0]",True,"['creep', 'creep', 'creep']","['creep', 'creep', 'creep']",2.4654444444444445,False
can22,8208,"[0, 0, -2432, 10121, -10121]","[0, 0, 1516, -10121, 10121]","[0, 0.0, 0.27022222222222225, 1.1245555555555555, 1.1245555555555555]",5,M08208,"[2583, 0, 0, 0, 0]",True,"['creep', 'creep', 'creep', 'creep', 'creep']","['creep', 'creep', 'creep', 'creep', 'creep']",5.1018888888888885,False
can15,1108,"[0, 0, -957, 10121, -10121]","[0, 0, -226, -10121, 10121]","[0, 0.0, 0.10633333333333334, 1.1245555555555555, 1.1245555555555555]",5,M01108,"[2688, 0, 0, 0, 0]",True,"['creep', 'creep', 'creep', 'creep', 'creep']","['creep', 'creep', 'creep', 'creep', 'creep']",5.043333333333333,False
can15,1348,"[-1979, 10121, -10121]","[4589, -10121, 10121]","[0.509888888888889, 1.1245555555555555, 1.1245555555555555]",3,M01348,"[0, 0, 0]",True,"['creep', 'creep', 'creep']","['creep', 'creep', 'creep']",2.7590000000000003,False
can15,1741,"[-794, 10121, -10121]","[646, -10121, 10121]","[0.08822222222222223, 1.1245555555555555, 1.1245555555555555]",3,M01741,"[0, 0, 0]",True,"['creep', 'creep', 'creep']","['creep', 'creep', 'creep']",2.3373333333333335,False
can15,1794,"[1251, 10121, -10121]","[-3332, -10121, 10121]","[0.3702222222222223, 1.1245555555555555, 1.1245555555555555]",3,M01794,"[0, 0, 0]",True,"['creep', 'creep', 'creep']","['creep', 'creep', 'creep']",2.6193333333333335,False
can14,1667,"[0, 0, -742, 10121, -10121]","[0, 0, 2281, -10121, 10121]","[0, 0.0, 0.25344444444444447, 1.1245555555555555, 1.1245555555555555]",5,M01667,"[2503, 0, 0, 0, 0]",True,"['creep', 'creep', 'creep', 'creep', 'creep']","['creep', 'creep', 'creep', 'creep', 'creep']",5.005111111111111,False
can14,2556,"[0, 0, 1167, 10121, -10121]","[0, 0, 401, -10121, 10121]","[0, 0.0, 0.12966666666666668, 1.1245555555555555, 1.1245555555555555]",5,M02556,"[2722, 0, 0, 0, 0]",True,"['creep', 'creep', 'creep', 'creep', 'creep']","['creep', 'creep', 'creep', 'creep', 'creep']",5.100555555555555,False
can14,1948,"[-1929, 10121, -10121]","[2021, -10121, 10121]","[0.2245555555555556, 1.1245555555555555, 1.1245555555555555]",3,M01948,"[0, 0, 0]",True,"['creep', 'creep', 'creep']","['creep', 'creep', 'creep']",2.4736666666666665,False
can22,8085,"[0, 0, -2509, 10121, -10121]","[0, 0, 1242, -10121, 10121]","[0, 0.0, 0.2787777777777778, 1.1245555555555555, 1.1245555555555555]",5,M08085,"[2574, 0, 0, 0, 0]",True,"['creep', 'creep', 'creep', 'creep', 'creep']","['creep', 'creep', 'creep', 'creep', 'creep']",5.101999999999999,False
can22,8339,"[4629, 10121, -10121]","[-945, -10121, 10121]","[0.5143333333333334, 1.1245555555555555, 1.1245555555555555]",3,M08339,"[0, 0, 0]",True,"['creep', 'creep', 'creep']","['creep', 'creep', 'creep']",2.7634444444444446,False
can22,8319,"[1620, 10121, -10121]","[-471, -10121, 10121]","[0.18, 1.1245555555555555, 1.1245555555555555]",3,M08319,"[0, 0, 0]",True,"['creep', 'creep', 'creep']","['creep', 'creep', 'creep']",2.429111111111111,False
can22,7682,"[0, 0, 2520, 10121, -10121]","[0, 0, 218, -10121, 10121]","[0, 0.0, 0.28, 1.1245555555555555, 1.1245555555555555]",5,M07682,"[2573, 0, 0, 0, 0]",True,"['creep', 'creep', 'creep', 'creep', 'creep']","['creep', 'creep', 'creep', 'creep', 'creep']",5.101666666666667,False
can22,7874,"[1455, 10121, -10121]","[1242, -10121, 10121]","[0.16166666666666665, 1.1245555555555555, 1.1245555555555555]",3,M07874,"[0, 0, 0]",True,"['creep', 'creep', 'creep']","['creep', 'creep', 'creep']",2.4107777777777777,False
can15,1881,"[4164, 10121, -10121]","[540, -10121, 10121]","[0.4626666666666667, 1.1245555555555555, 1.1245555555555555]",3,M01881,"[0, 0, 0]",True,"['creep', 'creep', 'creep']","['creep', 'creep', 'creep']",2.711777777777778,False
can15,1730,"[-3463, 10121, -10121]","[3127, -10121, 10121]","[0.3847777777777778, 1.1245555555555555, 1.1245555555555555]",3,M01730,"[0, 0, 0]",True,"['creep', 'creep', 'creep']","['creep', 'creep', 'creep']",2.6338888888888885,False
can15,1782,"[-3114, 10121, -10121]","[3671, -10121, 10121]","[0.4078888888888889, 1.1245555555555555, 1.1245555555555555]",3,M01782,"[0, 0, 0]",True,"['creep', 'creep', 'creep']","['creep', 'creep', 'creep']",2.657,False
can14,1519,"[0, 0, 2274, 10121, -10121]","[0, 0, 2381, -10121, 10121]","[0, 0.0, 0.2645555555555556, 1.1245555555555555, 1.1245555555555555]",5,M01519,"[2587, 0, 0, 0, 0]",True,"['creep', 'creep', 'creep', 'creep', 'creep']","['creep', 'creep', 'creep', 'creep', 'creep']",5.100555555555555,False
can14,1493,"[3957, 10121, -10121]","[396, -10121, 10121]","[0.4396666666666667, 1.1245555555555555, 1.1245555555555555]",3,M01493,"[0, 0, 0]",True,"['creep', 'creep', 'creep']","['creep', 'creep', 'creep']",2.6887777777777777,False
can14,1745,"[0, 0, -1376, 10121, -10121]","[0, 0, 340, -10121, 10121]","[0, 0.0, 0.15288888888888888, 1.1245555555555555, 1.1245555555555555]",5,M01745,"[2692, 0, 0, 0, 0]",True,"['creep', 'creep', 'creep', 'creep', 'creep']","['creep', 'creep', 'creep', 'creep', 'creep']",5.094222222222222,False
can14,1186,"[0, 0, 2574, 10121, -10121]","[0, 0, 1170, -10121, 10121]","[0, 0.0, 0.28600000000000003, 1.1245555555555555, 1.1245555555555555]",5,M01186,"[2563, 0, 0, 0, 0]",True,"['creep', 'creep', 'creep', 'creep', 'creep']","['creep', 'creep', 'creep', 'creep', 'creep']",5.098111111111111,False
can14,1957,"[2912, 10121, -10121]","[-65, -10121, 10121]","[0.32355555555555554, 1.1245555555555555, 1.1245555555555555]",3,M01957,"[0, 0, 0]",True,"['creep', 'creep', 'creep']","['creep', 'creep', 'creep']",2.5726666666666667,False
can22,6300,"[3646, 10121, -10121]","[-4954, -10121, 10121]","[0.5504444444444445, 1.1245555555555555, 1.1245555555555555]",3,M06300,"[0, 0, 0]",True,"['creep', 'creep', 'creep']","['creep', 'creep', 'creep']",2.7995555555555556,False
can22,7581,"[1398, 10121, -10121]","[918, -10121, 10121]","[0.15533333333333335, 1.1245555555555555, 1.1245555555555555]",3,M07581,"[0, 0, 0]",True,"['creep', 'creep', 'creep']","['creep', 'creep', 'creep']",2.4044444444444446,False
can22,6125,"[0, 0, 1492, 10121, -10121]","[0, 0, -1517, -10121, 10121]","[0, 0.0, 0.16855555555555557, 1.1245555555555555, 1.1245555555555555]",5,M06125,"[2419, 0, 0, 0, 0]",True,"['creep', 'creep', 'creep', 'creep', 'creep']","['creep', 'creep', 'creep', 'creep', 'creep']",4.836555555555555,False
can16,3114,"[0, 0, -179, 10121, -10121]","[0, 0, -777, -10121, 10121]","[0, 0.0, 0.08633333333333333, 1.1245555555555555, 1.1245555555555555]",5,M03114,"[2337, 0, 0, 0, 0]",True,"['creep', 'creep', 'creep', 'creep', 'creep']","['creep', 'creep', 'creep', 'creep', 'creep']",4.672777777777778,False
can15,1568,"[3259, 10121, -10121]","[-2975, -10121, 10121]","[0.36211111111111116, 1.1245555555555555, 1.1245555555555555]",3,M01568,"[0, 0, 0]",True,"['creep', 'creep', 'creep']","['creep', 'creep', 'creep']",2.6112222222222226,False
can15,1886,"[-3156, 10121, -10121]","[2779, -10121, 10121]","[0.3506666666666667, 1.1245555555555555, 1.1245555555555555]",3,M01886,"[0, 0, 0]",True,"['creep', 'creep', 'creep']","['creep', 'creep', 'creep']",2.5997777777777777,False
can14,1091,"[0, 0, 1373, 10121, -10121]","[0, 0, -1764, -10121, 10121]","[0, 0.0, 0.196, 1.1245555555555555, 1.1245555555555555]",5,M01091,"[2657, 0, 0, 0, 0]",True,"['creep', 'creep', 'creep', 'creep', 'creep']","['creep', 'creep', 'creep', 'creep', 'creep']",5.102111111111111,False
can14,1364,"[1306, 10121, -10121]","[2281, -10121, 10121]","[0.25344444444444447, 1.1245555555555555, 1.1245555555555555]",3,M01364,"[0, 0, 0]",True,"['creep', 'creep', 'creep']","['creep', 'creep', 'creep']",2.5025555555555554,False
can14,1673,"[3318, 10121, -10121]","[4995, -10121, 10121]","[0.555, 1.1245555555555555, 1.1245555555555555]",3,M01673,"[0, 0, 0]",True,"['creep', 'creep', 'creep']","['creep', 'creep', 'creep']",2.804111111111111,False
can14,1131,"[0, 0, 579, 10121, -10121]","[0, 0, -2348, -10121, 10121]","[0, 0.0, 0.2608888888888889, 1.1245555555555555, 1.1245555555555555]",5,M01131,"[2590, 0, 0, 0, 0]",True,"['creep', 'creep', 'creep', 'creep', 'creep']","['creep', 'creep', 'creep', 'creep', 'creep']",5.1002222222222215,False
can14,2411,"[1359, 10121, -10121]","[1725, -10121, 10121]","[0.19166666666666668, 1.1245555555555555, 1.1245555555555555]",3,M02411,"[0, 0, 0]",True,"['creep', 'creep', 'creep']","['creep', 'creep', 'creep']",2.440777777777778,False
can14,1926,"[-3433, 10121, -10121]","[-1400, -10121, 10121]","[0.3814444444444445, 1.1245555555555555, 1.1245555555555555]",3,M01926,"[0, 0, 0]",True,"['creep', 'creep', 'creep']","['creep', 'creep', 'creep']",2.6305555555555555,False
can14,1480,"[-3949, 10121, -10121]","[3727, -10121, 10121]","[0.4387777777777778, 1.1245555555555555, 1.1245555555555555]",3,M01480,"[0, 0, 0]",True,"['creep', 'creep', 'creep']","['creep', 'creep', 'creep']",2.6878888888888888,False
can22,6602,"[0, 0, 1723, 10121, -10121]","[0, 0, -2180, -10121, 10121]","[0, 0.0, 0.24222222222222223, 1.1245555555555555, 1.1245555555555555]",5,M06602,"[2609, 0, 0, 0, 0]",True,"['creep', 'creep', 'creep', 'creep', 'creep']","['creep', 'creep', 'creep', 'creep', 'creep']",5.100444444444444,False
can22,7573,"[885, 10121, -10121]","[-1693, -10121, 10121]","[0.18811111111111112, 1.1245555555555555, 1.1245555555555555]",3,M07573,"[0, 0, 0]",True,"['creep', 'creep', 'creep']","['creep', 'creep', 'creep']",2.437222222222222,False
can16,3326,"[1280, 10121, -10121]","[-9193, -10121, 10121]","[1.0214444444444446, 1.1245555555555555, 1.1245555555555555]",3,M03326,"[0, 0, 0]",True,"['creep', 'creep', 'creep']","['creep', 'creep', 'creep']",3.270555555555555,False
can16,6791,"[-1068, 10121, -10121]","[5473, -10121, 10121]","[0.6081111111111112, 1.1245555555555555, 1.1245555555555555]",3,M06791,"[0, 0, 0]",True,"['creep', 'creep', 'creep']","['creep', 'creep', 'creep']",2.857222222222222,False
can14,1149,"[0, 0, 1779, 10121, -10121]","[0, 0, -1869, -10121, 10121]","[0, 0.0, 0.20766666666666667, 1.1245555555555555, 1.1245555555555555]",5,M01149,"[2457, 0, 0, 0, 0]",True,"['creep', 'creep', 'creep', 'creep', 'creep']","['creep', 'creep', 'creep', 'creep', 'creep']",4.914,False
can14,1345,"[3164, 10121, -10121]","[-2398, -10121, 10121]","[0.3515555555555556, 1.1245555555555555, 1.1245555555555555]",3,M01345,"[0, 0, 0]",True,"['creep', 'creep', 'creep']","['creep', 'creep', 'creep']",2.6006666666666667,False
can14,1923,"[0, 0, -911, 10121, -10121]","[0, 0, 2274, -10121, 10121]","[0, 0.0, 0.25266666666666665, 1.1245555555555555, 1.1245555555555555]",5,M01923,"[2600, 0, 0, 0, 0]",True,"['creep', 'creep', 'creep', 'creep', 'creep']","['creep', 'creep', 'creep', 'creep', 'creep']",5.101555555555556,False
can14,1245,"[-4571, 10121, -10121]","[719, -10121, 10121]","[0.507888888888889, 1.1245555555555555, 1.1245555555555555]",3,M01245,"[0, 0, 0]",True,"['creep', 'creep', 'creep']","['creep', 'creep', 'creep']",2.7569999999999997,False
can14,1830,"[-6409, 10121, -10121]","[2611, -10121, 10121]","[0.7121111111111113, 1.1245555555555555, 1.1245555555555555]",3,M01830,"[0, 0, 0]",True,"['creep', 'creep', 'creep']","['creep', 'creep', 'creep']",2.961222222222222,False
can14,1382,"[1746, 10121, -10121]","[-4290, -10121, 10121]","[0.4766666666666667, 1.1245555555555555, 1.1245555555555555]",3,M01382,"[0, 0, 0]",True,"['creep', 'creep', 'creep']","['creep', 'creep', 'creep']",2.725777777777778,False
can14,1522,"[0, 0, -1084, 10121, -10121]","[0, 0, -645, -10121, 10121]","[0, 0.0, 0.12044444444444445, 1.1245555555555555, 1.1245555555555555]",5,M01522,"[2720, 0, 0, 0, 0]",True,"['creep', 'creep', 'creep', 'creep', 'creep']","['creep', 'creep', 'creep', 'creep', 'creep']",5.089444444444444,False
can22,5559,"[0, 0, 1065, 10121, -10121]","[0, 0, -526, -10121, 10121]","[0, 0.0, 0.11833333333333333, 1.1245555555555555, 1.1245555555555555]",5,M05559,"[2733, 0, 0, 0, 0]",True,"['creep', 'creep', 'creep', 'creep', 'creep']","['creep', 'creep', 'creep', 'creep', 'creep']",5.100666666666667,False
can16,3393,"[-2416, 10121, -10121]","[4361, -10121, 10121]","[0.4845555555555556, 1.1245555555555555, 1.1245555555555555]",3,M03393,"[0, 0, 0]",True,"['creep', 'creep', 'creep']","['creep', 'creep', 'creep']",2.7336666666666667,False
can16,1203,"[-4125, 10121, -10121]","[2533, -10121, 10121]","[0.4583333333333333, 1.1245555555555555, 1.1245555555555555]",3,M01203,"[0, 0, 0]",True,"['creep', 'creep', 'creep']","['creep', 'creep', 'creep']",2.7074444444444445,False
can14,1286,"[0, 0, 2103, 10121, -10121]","[0, 0, -1604, -10121, 10121]","[0, 0.0, 0.2336666666666667, 1.1245555555555555, 1.1245555555555555]",5,M01286,"[2619, 0, 0, 0, 0]",True,"['creep', 'creep', 'creep', 'creep', 'creep']","['creep', 'creep', 'creep', 'creep', 'creep']",5.102111111111111,False
can14,1073,"[323, 10121, -10121]","[5685, -10121, 10121]","[0.6316666666666667, 1.1245555555555555, 1.1245555555555555]",3,M01073,"[0, 0, 0]",True,"['creep', 'creep', 'creep']","['creep', 'creep', 'creep']",2.8807777777777774,False
can14,2451,"[0, 0, -359, 10121, -10121]","[0, 0, -1632, -10121, 10121]","[0, 0.0, 0.18133333333333335, 1.1245555555555555, 1.1245555555555555]",5,M02451,"[2431, 0, 0, 0, 0]",True,"['creep', 'creep', 'creep', 'creep', 'creep']","['creep', 'creep', 'creep', 'creep', 'creep']",4.8613333333333335,False
can14,1240,"[-1178, 10121, -10121]","[5700, -10121, 10121]","[0.6333333333333333, 1.1245555555555555, 1.1245555555555555]",3,M01240,"[0, 0, 0]",True,"['creep', 'creep', 'creep']","['creep', 'creep', 'creep']",2.8824444444444444,False
can14,1771,"[-5020, 10121, -10121]","[2729, -10121, 10121]","[0.5577777777777778, 1.1245555555555555, 1.1245555555555555]",3,M01771,"[0, 0, 0]",True,"['creep', 'creep', 'creep']","['creep', 'creep', 'creep']",2.8068888888888885,False
can14,1078,"[726, 10121, -10121]","[-25, -10121, 10121]","[0.08066666666666668, 1.1245555555555555, 1.1245555555555555]",3,M01078,"[0, 0, 0]",True,"['creep', 'creep', 'creep']","['creep', 'creep', 'creep']",2.3297777777777777,False
can14,1085,"[0, 0, 1762, 10121, -10121]","[0, 0, -2197, -10121, 10121]","[0, 0.0, 0.24411111111111114, 1.1245555555555555, 1.1245555555555555]",5,M01085,"[2496, 0, 0, 0, 0]",True,"['creep', 'creep', 'creep', 'creep', 'creep']","['creep', 'creep', 'creep', 'creep', 'creep']",4.988888888888889,False
can16,2861,"[0, 0, 1129, 10121, -10121]","[0, 0, 228, -10121, 10121]","[0, 0.0, 0.12544444444444444, 1.1245555555555555, 1.1245555555555555]",5,M02861,"[2726, 0, 0, 0, 0]",True,"['creep', 'creep', 'creep', 'creep', 'creep']","['creep', 'creep', 'creep', 'creep', 'creep']",5.100333333333333,False
can16,3252,"[-813, 10121, -10121]","[-3186, -10121, 10121]","[0.35400000000000004, 1.1245555555555555, 1.1245555555555555]",3,M03252,"[0, 0, 0]",True,"['creep', 'creep', 'creep']","['creep', 'creep', 'creep']",2.603111111111111,False
can16,3389,"[4254, 10121, -10121]","[271, -10121, 10121]","[0.4726666666666667, 1.1245555555555555, 1.1245555555555555]",3,M03389,"[0, 0, 0]",True,"['creep', 'creep', 'creep']","['creep', 'creep', 'creep']",2.7217777777777776,False
can16,1672,"[-166, 10121, -10121]","[2726, -10121, 10121]","[0.30288888888888893, 1.1245555555555555, 1.1245555555555555]",3,M01672,"[0, 0, 0]",True,"['creep', 'creep', 'creep']","['creep', 'creep', 'creep']",2.552,False
can16,1909,"[0, 0, -158, 10121, -10121]","[0, 0, -2230, -10121, 10121]","[0, 0.0, 0.2477777777777778, 1.1245555555555555, 1.1245555555555555]",5,M01909,"[2603, 0, 0, 0, 0]",True,"['creep', 'creep', 'creep', 'creep', 'creep']","['creep', 'creep', 'creep', 'creep', 'creep']",5.1,False
can14,2424,"[0, 0, -571, 10121, -10121]","[0, 0, 1890, -10121, 10121]","[0, 0.0, 0.21, 1.1245555555555555, 1.1245555555555555]",5,M02424,"[2460, 0, 0, 0, 0]",True,"['creep', 'creep', 'creep', 'creep', 'creep']","['creep', 'creep', 'creep', 'creep', 'creep']",4.918888888888889,False
can14,1216,"[3296, 10121, -10121]","[-845, -10121, 10121]","[0.3662222222222222, 1.1245555555555555, 1.1245555555555555]",3,M01216,"[0, 0, 0]",True,"['creep', 'creep', 'creep']","['creep', 'creep', 'creep']",2.615333333333333,False
can14,2425,"[-1597, 10121, -10121]","[1880, -10121, 10121]","[0.2088888888888889, 1.1245555555555555, 1.1245555555555555]",3,M02425,"[0, 0, 0]",True,"['creep', 'creep', 'creep']","['creep', 'creep', 'creep']",2.458,False
can14,1755,"[6297, 10121, -10121]","[-5309, -10121, 10121]","[0.6996666666666668, 1.1245555555555555, 1.1245555555555555]",3,M01755,"[0, 0, 0]",True,"['creep', 'creep', 'creep']","['creep', 'creep', 'creep']",2.948777777777778,False
can14,1049,"[411, 10121, -10121]","[10267, -10121, 10121]","[1.140777777777778, 1.1245555555555555, 1.1245555555555555]",3,M01049,"[0, 0, 0]",True,"['creep', 'creep', 'creep']","['creep', 'creep', 'creep']",3.3898888888888887,False
can16,3125,"[-1074, 10121, -10121]","[4237, -10121, 10121]","[0.47077777777777785, 1.1245555555555555, 1.1245555555555555]",3,M03125,"[0, 0, 0]",True,"['creep', 'creep', 'creep']","['creep', 'creep', 'creep']",2.719888888888889,False
can16,3368,"[889, 10121, -10121]","[-2219, -10121, 10121]","[0.24655555555555556, 1.1245555555555555, 1.1245555555555555]",3,M03368,"[0, 0, 0]",True,"['creep', 'creep', 'creep']","['creep', 'creep', 'creep']",2.4956666666666667,False
can16,6792,"[1566, 10121, -10121]","[4020, -10121, 10121]","[0.44666666666666666, 1.1245555555555555, 1.1245555555555555]",3,M06792,"[0, 0, 0]",True,"['creep', 'creep', 'creep']","['creep', 'creep', 'creep']",2.695777777777778,False
can16,1860,"[0, 0, 2472, 10121, -10121]","[0, 0, 2, -10121, 10121]","[0, 0.0, 0.27466666666666667, 1.1245555555555555, 1.1245555555555555]",5,M01860,"[2577, 0, 0, 0, 0]",True,"['creep', 'creep', 'creep', 'creep', 'creep']","['creep', 'creep', 'creep', 'creep', 'creep']",5.101111111111111,False
can16,1943,"[640, 10121, -10121]","[6613, -10121, 10121]","[0.7347777777777779, 1.1245555555555555, 1.1245555555555555]",3,M01943,"[0, 0, 0]",True,"['creep', 'creep', 'creep']","['creep', 'creep', 'creep']",2.983888888888889,False
can14,1212,"[-2902, 10121, -10121]","[3988, -10121, 10121]","[0.4431111111111111, 1.1245555555555555, 1.1245555555555555]",3,M01212,"[0, 0, 0]",True,"['creep', 'creep', 'creep']","['creep', 'creep', 'creep']",2.692222222222222,False
can14,1927,"[5955, 10121, -10121]","[-622, -10121, 10121]","[0.6616666666666666, 1.1245555555555555, 1.1245555555555555]",3,M01927,"[0, 0, 0]",True,"['creep', 'creep', 'creep']","['creep', 'creep', 'creep']",2.9107777777777777,False
can14,1028,"[0, 0, 1409, 10121, -10121]","[0, 0, 1358, -10121, 10121]","[0, 0.0, 0.15655555555555556, 1.1245555555555555, 1.1245555555555555]",5,M01028,"[2696, 0, 0, 0, 0]",True,"['creep', 'creep', 'creep', 'creep', 'creep']","['creep', 'creep', 'creep', 'creep', 'creep']",5.101444444444445,False
can14,1042,"[2286, 10121, -10121]","[-168, -10121, 10121]","[0.254, 1.1245555555555555, 1.1245555555555555]",3,M01042,"[0, 0, 0]",True,"['creep', 'creep', 'creep']","['creep', 'creep', 'creep']",2.503111111111111,False
can16,1362,"[6114, 10121, -10121]","[-2289, -10121, 10121]","[0.6793333333333333, 1.1245555555555555, 1.1245555555555555]",3,M01362,"[0, 0, 0]",True,"['creep', 'creep', 'creep']","['creep', 'creep', 'creep']",2.9284444444444446,False
can16,1931,"[0, 0, 2173, 10121, -10121]","[0, 0, -243, -10121, 10121]","[0, 0.0, 0.24144444444444446, 1.1245555555555555, 1.1245555555555555]",5,M01931,"[2611, 0, 0, 0, 0]",True,"['creep', 'creep', 'creep', 'creep', 'creep']","['creep', 'creep', 'creep', 'creep', 'creep']",5.102,False
can16,1246,"[-6431, 10121, -10121]","[282, -10121, 10121]","[0.7145555555555556, 1.1245555555555555, 1.1245555555555555]",3,M01246,"[0, 0, 0]",True,"['creep', 'creep', 'creep']","['creep', 'creep', 'creep']",2.9636666666666667,False
can16,1971,"[0, 0, -392, 10121, -10121]","[0, 0, -2340, -10121, 10121]","[0, 0.0, 0.26, 1.1245555555555555, 1.1245555555555555]",5,M01971,"[2516, 0, 0, 0, 0]",True,"['creep', 'creep', 'creep', 'creep', 'creep']","['creep', 'creep', 'creep', 'creep', 'creep']",5.025,False
can14,1627,"[-5788, 10121, -10121]","[1883, -10121, 10121]","[0.6431111111111112, 1.1245555555555555, 1.1245555555555555]",3,M01627,"[0, 0, 0]",True,"['creep', 'creep', 'creep']","['creep', 'creep', 'creep']",2.8922222222222222,False
can14,2260,"[-2825, 10121, -10121]","[1643, -10121, 10121]","[0.3138888888888889, 1.1245555555555555, 1.1245555555555555]",3,M02260,"[0, 0, 0]",True,"['creep', 'creep', 'creep']","['creep', 'creep', 'creep']",2.5629999999999997,False
can14,470,"[5354, 10121, -10121]","[-3614, -10121, 10121]","[0.5948888888888889, 1.1245555555555555, 1.1245555555555555]",3,M00470,"[0, 0, 0]",True,"['creep', 'creep', 'creep']","['creep', 'creep', 'creep']",2.8440000000000003,False
can14,411,"[2636, 10121, -10121]","[1054, -10121, 10121]","[0.2928888888888889, 1.1245555555555555, 1.1245555555555555]",3,M00411,"[0, 0, 0]",True,"['creep', 'creep', 'creep']","['creep', 'creep', 'creep']",2.542,False
